timestamp,EAR,MAR,fatigue_score,emotion,phone_detected,lane_drift_probability
2026-04-02 16:06:35.377217,0.277,0.005,0,Neutral,False,20
2026-04-02 16:06:35.536292,0.287,0.004,0,Neutral,False,20
2026-04-02 16:06:36.295860,0.289,0.005,0,Neutral,False,20
2026-04-02 16:06:36.383831,0.291,0.004,0,Neutral,False,0
2026-04-02 16:06:36.942773,0.265,0.002,0,angry,False,0
2026-04-02 16:06:37.365501,0.263,0.002,0,angry,False,0
2026-04-02 16:06:37.509046,0.245,0.001,0,angry,False,0
2026-04-02 16:06:37.634261,0.25,0.007,0,angry,False,0
2026-04-02 16:06:38.476430,0.259,0.004,0,neutral,False,0
2026-04-02 16:06:38.597075,0.29,0.004,0,neutral,False,0
2026-04-02 16:06:38.761385,0.244,0.004,0,neutral,False,0
2026-04-02 16:06:39.201817,0.256,0.003,0,neutral,False,0
2026-04-02 16:06:39.778402,0.265,0.006,0,neutral,False,0
2026-04-02 16:06:39.952714,0.26,0.002,0,neutral,False,0
2026-04-02 16:06:40.367715,0.264,0.005,0,neutral,False,0
2026-04-02 16:06:40.483884,0.266,0.006,0,neutral,False,0
2026-04-02 16:06:41.060926,0.268,0.005,0,neutral,False,0
2026-04-02 16:06:41.414896,0.271,0.006,0,neutral,False,0
2026-04-02 16:06:41.554644,0.272,0.013,0,neutral,False,0
2026-04-02 16:06:41.720546,0.265,0.009,0,neutral,False,0
2026-04-02 16:06:42.514753,0.269,0.006,0,neutral,False,0
2026-04-02 16:06:42.698422,0.268,0.004,0,neutral,False,0
2026-04-02 16:06:42.819713,0.266,0.009,0,neutral,False,0
2026-04-02 16:06:43.403026,0.263,0.009,0,neutral,False,0
2026-04-02 16:06:43.893464,0.271,0.007,0,neutral,False,0
2026-04-02 16:06:44.029510,0.273,0.001,0,neutral,False,0
2026-04-02 16:06:44.428642,0.279,0.005,0,neutral,False,0
2026-04-02 16:06:44.524342,0.105,0.007,40,neutral,False,25
2026-04-02 16:06:45.134788,0.105,0.003,40,neutral,False,25
2026-04-02 16:06:45.543365,0.074,0.005,40,neutral,False,25
2026-04-02 16:06:45.667821,0.076,0.003,40,neutral,False,25
2026-04-02 16:06:45.978584,0.11,0.002,40,neutral,False,25
2026-04-02 16:06:46.707764,0.093,0.006,40,neutral,False,25
2026-04-02 16:06:46.799791,0.105,0.01,40,neutral,False,25
2026-04-02 16:06:47.138059,0.091,0.005,40,neutral,False,25
2026-04-02 16:06:47.555691,0.076,0.018,40,neutral,False,25
2026-04-02 16:06:48.191561,0.273,0.004,0,neutral,False,0
2026-04-02 16:06:48.335900,0.265,0.026,0,neutral,False,0
2026-04-02 16:06:48.700476,0.272,0.007,0,neutral,False,0
2026-04-02 16:06:48.795416,0.268,0.008,0,neutral,False,0
2026-04-02 16:06:49.342615,0.282,0.003,0,neutral,False,0
2026-04-02 16:06:49.778509,0.276,0.006,0,neutral,False,0
2026-04-02 16:06:49.913772,0.308,0.005,0,neutral,False,20
2026-04-02 16:06:50.054875,0.306,0.006,0,neutral,False,20
2026-04-02 16:06:50.847831,0.298,0.008,0,angry,False,20
2026-04-02 16:06:50.947183,0.309,0.005,0,angry,False,20
2026-04-02 16:06:51.119337,0.326,0.005,0,angry,False,20
2026-04-02 16:06:51.508080,0.3,0.009,0,angry,False,20
2026-04-02 16:06:51.952692,0.282,0.008,0,angry,False,20
2026-04-02 16:06:52.137241,0.218,0.007,0,angry,False,20
2026-04-02 16:06:52.528539,0.204,0.013,60,angry,False,65
2026-04-02 16:06:52.658402,0.215,0.01,20,angry,False,40
2026-04-02 16:06:53.124550,0.221,0.005,20,angry,False,40
2026-04-02 16:06:53.559415,0.204,0.009,60,angry,False,65
2026-04-02 16:06:53.710709,0.293,0.004,0,angry,False,20
2026-04-02 16:06:53.824361,0.262,0.002,0,angry,False,0
2026-04-02 16:06:54.595649,0.253,0.001,0,neutral,False,0
2026-04-02 16:06:54.683616,0.25,0.002,0,neutral,False,0
2026-04-02 16:06:54.870785,0.256,0.001,0,neutral,False,0
2026-04-02 16:06:55.228281,0.241,0.005,0,neutral,False,0
2026-04-02 16:06:55.675860,0.236,0.008,0,neutral,False,0
2026-04-02 16:06:56.032399,0.235,0.002,0,neutral,False,0
2026-04-02 16:06:56.436027,0.232,0.001,0,neutral,False,0
2026-04-02 16:06:56.579366,0.244,0.007,0,neutral,False,0
2026-04-02 16:06:57.133429,0.251,0.005,0,neutral,False,0
2026-04-02 16:06:57.529406,0.249,0.005,0,neutral,False,0
2026-04-02 16:06:57.683245,0.246,0.005,0,neutral,False,0
2026-04-02 16:06:58.042012,0.245,0.01,0,neutral,False,0
2026-04-02 16:06:58.735394,0.211,0.012,40,neutral,True,65
2026-04-02 16:06:58.852692,0.241,0.07,0,neutral,True,20
2026-04-02 16:06:59.040487,0.242,0.007,0,neutral,True,20
2026-04-02 16:06:59.467170,0.247,0.026,0,neutral,True,20
2026-04-02 16:07:00.112987,0.231,0.012,0,fear,True,20
2026-04-02 16:07:00.225745,0.255,0.002,0,fear,True,20
2026-04-02 16:07:00.638464,0.268,0.002,0,fear,False,0
2026-04-02 16:07:00.753931,0.183,0.006,40,fear,False,45
2026-04-02 16:07:01.259616,0.095,0.005,40,angry,False,45
2026-04-02 16:07:01.669203,0.143,0.003,40,angry,False,45
2026-04-02 16:07:01.804334,0.179,0.003,40,angry,False,45
2026-04-02 16:07:01.952377,0.169,0.004,40,angry,False,45
2026-04-02 16:07:02.662701,0.149,0.003,40,angry,False,45
2026-04-02 16:07:02.786598,0.275,0.005,0,angry,False,0
2026-04-02 16:07:02.940428,0.288,0.006,0,angry,False,0
2026-04-02 16:07:03.335538,0.276,0.005,0,angry,False,0
2026-04-02 16:07:04.161873,0.241,0.006,0,neutral,False,0
2026-04-02 16:07:04.324193,0.232,0.005,0,neutral,False,0
2026-04-02 16:07:04.610466,0.263,0.008,0,neutral,False,0
2026-04-02 16:07:04.764652,0.266,0.007,0,neutral,False,0
2026-04-02 16:07:05.235625,0.271,0.008,0,neutral,False,0
2026-04-02 16:07:05.659257,0.264,0.006,0,neutral,False,0
2026-04-02 16:07:05.952531,0.271,0.003,0,neutral,False,0
2026-04-02 16:07:06.092918,0.24,0.007,0,neutral,False,0
2026-04-02 16:07:06.891090,0.25,0.009,0,neutral,False,0
2026-04-02 16:07:07.010502,0.25,0.003,0,neutral,False,0
2026-04-02 16:07:07.378039,0.255,0.005,0,neutral,False,0
2026-04-02 16:07:07.741162,0.252,0.005,0,neutral,False,0
2026-04-02 16:07:08.271320,0.301,0.008,0,neutral,False,20
2026-04-02 16:07:08.351178,0.282,0.007,0,neutral,False,20
2026-04-02 16:07:08.737533,0.284,0.006,0,neutral,False,20
2026-04-02 16:07:09.212930,0.245,0.016,0,neutral,False,0
2026-04-02 16:07:09.636414,0.295,0.01,0,neutral,False,0
2026-04-02 16:07:10.027244,0.197,0.013,40,neutral,False,25
2026-04-02 16:07:12.829273,0.207,0.005,40,neutral,False,45
2026-04-02 16:07:12.990665,0.213,0.002,0,neutral,False,0
2026-04-02 16:07:13.702456,0.243,0.006,0,sad,False,0
2026-04-02 16:07:13.858496,0.266,0.009,0,sad,False,0
2026-04-02 16:07:13.934283,0.247,0.507,0,sad,False,0
2026-04-02 16:07:14.307431,0.253,0.665,20,sad,False,15
2026-04-02 16:07:14.673415,0.248,0.882,20,sad,False,15
2026-04-02 16:07:14.833597,0.234,0.916,20,sad,False,15
2026-04-02 16:07:15.194309,0.217,0.933,20,sad,False,15
2026-04-02 16:07:15.272468,0.221,0.998,20,sad,False,15
2026-04-02 16:07:15.716497,0.222,1.044,20,angry,False,15
2026-04-02 16:07:16.261299,0.226,1.117,20,angry,False,15
2026-04-02 16:07:16.352311,0.225,0.079,0,angry,False,0
2026-04-02 16:07:16.548399,0.238,0.009,0,angry,False,0
2026-04-02 16:07:17.175803,0.257,0.011,0,angry,False,0
2026-04-02 16:07:17.266936,0.272,0.009,0,angry,False,0
2026-04-02 16:07:17.487289,0.273,0.006,0,angry,False,0
2026-04-02 16:07:17.904463,0.273,0.003,0,angry,False,0
2026-04-02 16:07:18.686451,0.262,0.005,0,neutral,False,0
2026-04-02 16:07:18.924125,0.265,0.005,0,neutral,False,0
2026-04-02 16:07:19.309029,0.266,0.008,0,neutral,False,0
2026-04-02 16:07:19.813889,0.269,0.019,0,neutral,False,0
2026-04-02 16:07:20.228573,0.232,0.038,0,neutral,False,0
2026-04-02 16:07:20.642346,0.233,0.013,0,neutral,False,0
2026-04-02 16:07:20.770075,0.228,0.001,0,neutral,False,0
2026-04-02 16:07:20.974382,0.229,0.006,0,neutral,False,0
2026-04-02 16:07:21.698581,0.244,0.004,0,neutral,False,0
2026-04-02 16:07:21.796373,0.247,0.005,0,neutral,False,0
2026-04-02 16:07:21.936958,0.248,0.032,0,neutral,False,0
2026-04-02 16:07:22.341558,0.25,0.005,0,neutral,False,0
2026-04-02 16:07:22.868089,0.235,0.006,0,neutral,False,0
2026-04-02 16:07:23.052727,0.231,0.021,0,neutral,False,0
2026-04-02 16:07:23.410485,0.229,0.006,0,neutral,False,0
2026-04-02 16:07:23.501760,0.235,0.006,0,neutral,False,0
2026-04-02 16:07:23.961529,0.239,0.003,0,neutral,False,0
2026-04-02 16:07:24.336608,0.235,0.003,0,neutral,False,0
2026-04-02 16:07:24.467104,0.24,0.004,0,neutral,False,0
2026-04-02 16:07:24.655623,0.237,0.005,0,neutral,False,0
2026-04-02 16:07:25.353890,0.236,0.004,0,neutral,False,0
2026-04-02 16:07:25.499589,0.235,0.003,0,neutral,False,0
2026-04-02 16:07:25.632977,0.238,0.115,0,neutral,False,0
2026-04-02 16:07:26.108508,0.235,0.571,0,neutral,False,0
2026-04-02 16:07:26.692611,0.256,0.554,0,angry,False,0
2026-04-02 16:07:26.826382,0.255,0.541,0,angry,False,0
2026-04-02 16:07:27.230920,0.262,0.556,0,angry,False,0
2026-04-02 16:07:27.360421,0.261,0.199,0,angry,False,0
2026-04-02 16:07:27.879567,0.258,0.001,0,angry,False,0
2026-04-02 16:07:28.264193,0.27,0.004,0,angry,False,0
2026-04-02 16:07:28.369810,0.277,0.003,0,angry,False,0
2026-04-02 16:07:28.524299,0.262,0.003,0,angry,False,0
2026-04-02 16:07:29.336691,0.271,0.005,0,angry,False,0
2026-04-02 16:07:29.475544,0.258,0.01,0,angry,False,0
2026-04-02 16:07:29.635847,0.271,0.007,0,angry,False,0
2026-04-02 16:07:30.037529,0.262,0.003,0,angry,False,0
2026-04-02 16:07:30.494626,0.272,0.001,0,angry,False,0
2026-04-02 16:07:30.648615,0.266,0.002,0,angry,False,0
2026-04-02 16:07:31.054250,0.257,0.002,0,angry,False,0
2026-04-02 16:07:31.170250,0.268,0.005,0,angry,False,0
2026-04-02 16:07:31.728526,0.261,0.0,0,neutral,False,0
2026-04-02 16:07:32.179740,0.291,0.002,0,neutral,False,0
2026-04-02 16:07:32.276301,0.359,0.002,0,neutral,False,0
2026-04-02 16:07:32.449466,0.385,0.002,0,neutral,False,0
2026-04-02 16:07:33.157284,0.394,0.002,0,fear,False,0
2026-04-02 16:07:33.281705,0.384,0.003,0,fear,False,0
2026-04-02 16:07:33.441365,0.382,0.001,0,fear,False,0
2026-04-02 16:07:33.832124,0.388,0.003,0,fear,False,0
2026-04-02 16:07:34.293679,0.376,0.002,0,fear,False,0
2026-04-02 16:07:34.432161,0.383,0.001,0,fear,False,0
2026-04-02 16:07:34.891864,0.371,0.001,0,fear,False,0
2026-04-02 16:07:34.991435,0.365,0.625,20,fear,False,15
2026-04-02 16:07:35.558459,0.359,0.911,20,fear,False,15
2026-04-02 16:07:35.949763,0.342,0.885,20,fear,False,15
2026-04-02 16:07:36.082189,0.356,0.919,20,fear,False,15
2026-04-02 16:07:36.241664,0.351,0.841,20,fear,False,15
2026-04-02 16:07:36.991587,0.348,0.783,20,fear,False,15
2026-04-02 16:07:37.091610,0.269,0.748,20,fear,False,15
2026-04-02 16:07:37.231904,0.193,0.391,40,fear,False,25
2026-04-02 16:07:37.645535,0.252,0.171,0,fear,False,0
2026-04-02 16:07:38.117509,0.249,0.008,0,neutral,False,0
2026-04-02 16:07:38.240663,0.267,0.005,0,neutral,False,0
2026-04-02 16:07:38.622482,0.324,0.002,0,neutral,False,0
2026-04-02 16:07:38.714166,0.334,0.001,0,neutral,False,0
2026-04-02 16:07:39.153435,0.325,0.001,0,neutral,False,0
2026-04-02 16:07:39.544020,0.326,0.003,0,neutral,False,0
2026-04-02 16:07:39.671518,0.321,0.001,0,neutral,False,0
2026-04-02 16:07:39.841369,0.322,0.004,0,neutral,False,0
2026-04-02 16:07:40.530243,0.31,0.008,0,neutral,False,0
2026-04-02 16:07:40.692493,0.31,0.002,0,neutral,False,0
2026-04-02 16:07:40.849450,0.312,0.003,0,neutral,False,0
2026-04-02 16:07:41.260651,0.303,0.002,0,neutral,False,0
2026-04-02 16:07:41.659437,0.309,0.003,0,neutral,False,0
2026-04-02 16:07:41.858008,0.312,0.001,0,neutral,False,0
2026-04-02 16:07:42.239525,0.311,0.002,0,neutral,False,0
2026-04-02 16:07:42.368706,0.249,0.0,0,neutral,False,0
2026-04-02 16:07:42.851383,0.297,0.002,0,neutral,False,0
2026-04-02 16:07:43.288510,0.303,0.0,0,neutral,False,0
2026-04-02 16:07:43.388796,0.298,0.004,0,neutral,False,0
2026-04-02 16:07:43.557843,0.291,0.002,0,neutral,False,0
2026-04-02 16:07:44.325562,0.291,0.002,0,angry,False,0
2026-04-02 16:07:44.468006,0.287,0.004,0,angry,False,0
2026-04-02 16:07:44.657575,0.291,0.002,0,angry,False,0
2026-04-02 16:07:45.057109,0.289,0.002,0,angry,False,0
2026-04-02 16:07:45.661920,0.245,0.004,0,neutral,False,0
2026-04-02 16:07:45.856547,0.246,0.003,0,neutral,False,0
2026-04-02 16:07:46.324300,0.251,0.001,0,neutral,False,0
2026-04-02 16:07:46.469281,0.254,0.002,0,neutral,False,0
2026-04-02 16:07:47.149396,0.279,0.003,0,neutral,False,0
2026-04-02 16:07:47.623330,0.273,0.002,0,neutral,False,0
2026-04-02 16:07:47.766651,0.284,0.002,0,neutral,False,0
2026-04-02 16:07:47.946670,0.264,0.003,0,neutral,False,0
2026-04-02 16:07:48.802922,0.245,0.004,0,neutral,False,0
2026-04-02 16:07:48.963226,0.224,0.004,0,neutral,False,0
2026-04-02 16:07:49.154462,0.172,0.001,40,neutral,False,25
2026-04-02 16:07:49.600520,0.187,0.0,40,neutral,False,25
2026-04-02 16:07:50.184445,0.157,0.005,40,angry,False,25
2026-04-02 16:07:50.339566,0.244,0.01,0,angry,False,0
2026-04-02 16:07:50.755503,0.215,0.004,0,angry,False,20
2026-04-02 16:07:50.866537,0.162,0.006,40,angry,False,45
2026-04-02 16:07:51.450236,0.127,0.002,40,angry,False,45
2026-04-02 16:07:51.849036,0.263,0.002,0,angry,False,20
2026-04-02 16:07:51.971734,0.244,0.001,0,angry,False,20
2026-04-02 16:07:52.134510,0.241,0.003,0,angry,False,20
2026-04-02 16:07:52.940541,0.251,0.023,0,angry,False,20
2026-04-02 16:07:53.074182,0.253,0.001,0,angry,False,20
2026-04-02 16:07:53.238489,0.259,0.002,0,angry,False,20
2026-04-02 16:07:53.745491,0.266,0.002,0,angry,False,20
2026-04-02 16:07:54.272189,0.228,0.002,0,angry,False,20
2026-04-02 16:07:54.431470,0.267,0.069,0,angry,False,20
2026-04-02 16:07:54.884721,0.254,0.103,0,angry,False,20
2026-04-02 16:07:54.977665,0.259,0.071,0,angry,False,20
2026-04-02 16:07:55.476668,0.219,0.157,0,angry,False,20
2026-04-02 16:07:55.881873,0.201,0.126,40,angry,False,45
2026-04-02 16:07:55.988346,0.262,0.129,0,angry,False,20
2026-04-02 16:07:56.134535,0.269,0.099,0,angry,False,20
2026-04-02 16:07:56.906416,0.239,0.115,0,angry,False,20
2026-04-02 16:07:57.007723,0.271,0.117,0,angry,False,20
2026-04-02 16:07:57.141644,0.264,0.076,0,angry,False,20
2026-04-02 16:07:57.603596,0.278,0.106,0,angry,False,20
2026-04-02 16:07:58.198826,0.27,0.075,0,angry,False,20
2026-04-02 16:07:58.350539,0.281,0.101,0,angry,False,20
2026-04-02 16:07:58.948359,0.281,0.107,0,angry,False,20
2026-04-02 16:07:59.095379,0.285,0.112,0,angry,False,20
2026-04-02 16:07:59.746500,0.226,0.05,0,angry,False,20
2026-04-02 16:08:00.298492,0.12,0.12,40,angry,False,45
2026-04-02 16:08:00.409020,0.271,0.094,0,angry,False,20
2026-04-02 16:08:00.550946,0.27,0.062,0,angry,False,20
2026-04-02 16:11:41.400312,0.212,0.169,0,neutral,False,20
2026-04-02 16:11:41.540044,0.216,0.225,0,neutral,False,20
2026-04-02 16:11:41.674198,0.23,0.212,0,neutral,False,20
2026-04-02 16:11:41.870916,0.257,0.191,0,neutral,False,20
2026-04-02 16:11:42.064320,0.248,0.177,0,neutral,False,20
2026-04-02 16:11:42.656677,0.258,0.164,0,neutral,False,20
2026-04-02 16:11:43.070889,0.284,0.007,0,neutral,False,20
2026-04-02 16:11:43.215512,0.287,0.002,0,neutral,False,20
2026-04-02 16:11:43.369641,0.293,0.005,0,neutral,False,20
2026-04-02 16:11:43.566201,0.289,0.008,0,neutral,False,20
2026-04-02 16:11:43.712608,0.288,0.005,0,neutral,False,20
2026-04-02 16:11:44.180878,0.29,0.003,0,neutral,False,20
2026-04-02 16:11:44.546023,0.286,0.005,0,neutral,False,20
2026-04-02 16:11:44.740489,0.282,0.004,0,neutral,False,20
2026-04-02 16:11:44.933406,0.288,0.007,0,neutral,False,20
2026-04-02 16:11:45.040271,0.292,0.004,0,neutral,False,20
2026-04-02 16:11:45.208419,0.292,0.014,0,neutral,False,20
2026-04-02 16:11:45.651018,0.287,0.003,0,neutral,False,20
2026-04-02 16:11:46.142077,0.285,0.002,0,neutral,False,20
2026-04-02 16:11:46.452460,0.282,0.004,0,neutral,False,20
2026-04-02 16:11:46.574680,0.288,0.015,0,neutral,False,20
2026-04-02 16:11:46.750615,0.285,0.019,0,neutral,False,20
2026-04-02 16:11:46.910359,0.271,0.005,0,neutral,False,20
2026-04-02 16:11:47.304283,0.284,0.003,0,neutral,False,20
2026-04-02 16:11:47.738039,0.275,0.003,0,neutral,False,20
2026-04-02 16:11:47.919688,0.273,0.004,0,neutral,False,20
2026-04-02 16:11:48.082194,0.286,0.001,0,neutral,False,20
2026-04-02 16:11:48.254848,0.287,0.001,0,neutral,False,20
2026-04-02 16:11:48.420168,0.286,0.003,0,neutral,False,20
2026-04-02 16:11:48.986350,0.247,0.003,0,neutral,False,20
2026-04-02 16:11:49.404274,0.257,0.035,0,neutral,False,20
2026-04-02 16:11:49.526419,0.251,0.008,0,neutral,False,20
2026-04-02 16:11:49.961973,0.246,0.002,0,neutral,False,20
2026-04-02 16:11:50.061624,0.262,0.002,0,neutral,False,20
2026-04-02 16:11:50.223776,0.263,0.007,20,neutral,False,40
2026-04-02 16:11:50.968318,0.272,0.005,20,neutral,False,40
2026-04-02 16:11:51.306549,0.3,0.005,0,neutral,False,20
2026-04-02 16:11:51.448891,0.299,0.003,0,neutral,False,20
2026-04-02 16:11:51.601503,0.296,0.008,0,neutral,False,20
2026-04-02 16:11:51.765690,0.288,0.008,0,neutral,False,20
2026-04-02 16:11:52.084575,0.271,0.003,0,neutral,False,20
2026-04-02 16:11:52.456385,0.276,0.002,0,neutral,False,20
2026-04-02 16:11:53.072563,0.24,0.006,0,neutral,False,20
2026-04-02 16:11:53.236742,0.237,0.001,0,neutral,False,20
2026-04-02 16:11:53.407310,0.21,0.0,0,neutral,False,20
2026-04-02 16:11:53.586110,0.17,0.003,0,neutral,False,20
2026-04-02 16:11:53.746423,0.166,0.004,40,neutral,False,45
2026-04-02 16:11:54.195464,0.243,0.003,0,neutral,False,20
2026-04-02 16:16:52.180369,0.294,0.001,0,neutral,False,20
2026-04-02 16:16:52.392403,0.287,0.004,0,neutral,False,20
2026-04-02 16:16:52.507582,0.288,0.002,0,neutral,False,20
2026-04-02 16:16:52.680309,0.298,0.014,0,neutral,False,20
2026-04-02 16:16:52.850982,0.284,0.037,0,neutral,False,20
2026-04-02 16:16:53.547026,0.275,0.016,0,neutral,False,20
2026-04-02 16:16:53.997210,0.278,0.026,0,neutral,False,20
2026-04-02 16:16:54.116212,0.274,0.005,0,neutral,False,20
2026-04-02 16:16:54.438049,0.265,0.013,0,neutral,False,20
2026-04-02 16:16:54.591595,0.27,0.004,0,neutral,False,20
2026-04-02 16:16:54.804782,0.27,0.007,0,neutral,False,20
2026-04-02 16:16:55.108134,0.271,0.004,0,neutral,False,20
2026-04-02 16:16:55.578264,0.259,0.009,0,neutral,False,20
2026-04-02 16:16:55.726512,0.26,0.011,0,neutral,False,20
2026-04-02 16:16:56.132291,0.264,0.006,0,neutral,False,20
2026-04-02 16:16:56.286446,0.274,0.007,0,neutral,False,20
2026-04-02 16:16:56.435488,0.271,0.004,0,neutral,False,20
2026-04-02 16:16:56.811497,0.264,0.016,0,neutral,False,20
2026-04-02 16:16:57.192268,0.279,0.003,0,neutral,False,20
2026-04-02 16:16:57.322275,0.291,0.003,0,neutral,False,20
2026-04-02 16:16:57.529531,0.28,0.007,0,neutral,False,20
2026-04-02 16:16:57.659370,0.27,0.006,0,neutral,False,20
2026-04-02 16:16:57.836648,0.286,0.004,0,neutral,False,20
2026-04-02 16:16:58.204633,0.283,0.005,0,neutral,False,20
2026-04-02 16:16:58.568516,0.281,0.006,0,neutral,False,20
2026-04-02 16:16:58.730092,0.283,0.006,0,neutral,False,20
2026-04-02 16:16:58.894363,0.284,0.004,0,neutral,False,20
2026-04-02 16:16:59.068595,0.286,0.004,0,neutral,False,20
2026-04-02 16:16:59.227409,0.284,0.006,0,neutral,False,20
2026-04-02 16:16:59.626421,0.287,0.003,0,neutral,False,20
2026-04-02 16:17:00.082394,0.271,0.007,0,neutral,False,20
2026-04-02 16:17:00.234676,0.276,0.003,0,neutral,False,20
2026-04-02 16:17:00.409832,0.272,0.003,0,neutral,False,20
2026-04-02 16:17:00.571037,0.282,0.002,0,neutral,False,20
2026-04-02 16:17:00.769454,0.275,0.006,0,neutral,False,20
2026-04-02 16:17:01.201504,0.281,0.004,0,neutral,False,20
2026-04-02 16:17:01.586370,0.263,0.011,0,angry,False,20
2026-04-02 16:17:01.658264,0.276,0.001,0,angry,False,20
2026-04-02 16:17:01.931548,0.277,0.004,0,angry,False,20
2026-04-02 16:17:02.075581,0.268,0.005,0,angry,False,20
2026-04-02 16:17:02.235770,0.273,0.003,0,angry,False,20
2026-04-02 16:17:02.631386,0.27,0.002,0,angry,False,20
2026-04-02 16:17:03.169297,0.279,0.005,0,angry,False,20
2026-04-02 16:17:03.248442,0.286,0.005,0,angry,False,20
2026-04-02 16:17:03.451108,0.287,0.006,0,angry,False,20
2026-04-02 16:17:03.640820,0.175,0.007,40,angry,False,45
2026-04-02 16:17:03.722692,0.163,0.005,60,angry,False,65
2026-04-02 16:17:04.113953,0.17,0.007,60,angry,False,65
2026-04-02 16:17:04.638993,0.135,0.004,40,angry,False,45
2026-04-02 16:17:04.810005,0.277,0.004,0,angry,False,20
2026-04-02 16:17:05.085907,0.262,0.002,0,angry,False,20
2026-04-02 16:17:05.233840,0.264,0.002,0,angry,False,20
2026-04-02 16:17:05.597499,0.259,0.0,0,angry,False,20
2026-04-02 16:17:05.889452,0.248,0.002,0,angry,False,20
2026-04-02 16:17:06.353735,0.296,0.0,0,neutral,False,20
2026-04-02 16:17:06.430367,0.277,0.001,0,neutral,False,20
2026-04-02 16:17:06.595607,0.288,0.005,0,neutral,False,20
2026-04-02 16:17:06.765663,0.301,0.002,0,neutral,False,20
2026-04-02 16:17:06.928763,0.289,0.003,0,neutral,False,20
2026-04-02 16:17:07.289526,0.291,0.008,0,neutral,False,20
2026-04-02 16:17:07.920643,0.286,0.0,0,neutral,False,20
2026-04-02 16:17:08.026596,0.289,0.005,0,neutral,False,20
2026-04-02 16:17:08.202292,0.223,0.011,0,neutral,False,20
2026-04-02 16:17:08.365852,0.227,0.015,0,neutral,False,20
2026-04-02 16:17:08.561350,0.228,0.003,0,neutral,False,20
2026-04-02 16:17:09.018230,0.28,0.006,0,neutral,False,20
2026-04-02 16:17:09.652552,0.281,0.003,0,neutral,False,20
2026-04-02 16:17:09.956314,0.283,0.001,0,neutral,False,20
2026-04-02 16:17:10.082981,0.285,0.002,0,neutral,False,20
2026-04-02 16:17:10.171903,0.297,0.002,0,neutral,False,20
2026-04-02 16:17:10.350658,0.301,0.001,0,neutral,False,20
2026-04-02 16:17:11.016596,0.302,0.004,0,neutral,False,20
2026-04-02 16:17:11.831257,0.281,0.005,0,neutral,False,20
2026-04-02 16:17:11.951643,0.286,0.002,0,neutral,False,20
2026-04-02 16:17:12.120577,0.285,0.006,0,neutral,False,20
2026-04-02 16:17:12.352636,0.285,0.005,0,neutral,False,20
2026-04-02 16:17:12.495629,0.278,0.002,0,neutral,False,20
2026-04-02 16:17:13.039797,0.276,0.005,0,neutral,False,20
2026-04-02 16:17:13.706335,0.305,0.005,0,neutral,False,20
2026-04-02 16:17:13.834212,0.307,0.003,0,neutral,False,20
2026-04-02 16:17:13.997589,0.295,0.009,0,neutral,False,20
2026-04-02 16:17:14.158723,0.298,0.002,0,neutral,False,20
2026-04-02 16:17:14.346448,0.149,0.005,40,neutral,False,45
2026-04-02 16:17:14.750084,0.188,0.003,40,neutral,False,45
2026-04-02 16:17:15.700380,0.316,0.036,0,neutral,False,20
2026-04-02 16:17:15.840004,0.306,0.002,0,neutral,False,20
2026-04-02 16:17:15.999857,0.301,0.004,0,neutral,False,20
2026-04-02 16:17:16.164593,0.299,0.009,0,neutral,False,20
2026-04-02 16:17:16.341634,0.28,0.035,0,neutral,False,20
2026-04-02 16:17:16.843899,0.273,0.024,0,neutral,False,20
2026-04-02 16:25:15.690806,0.242,0.008,0,neutral,False,0
2026-04-02 16:25:15.848517,0.253,0.006,0,neutral,False,0
2026-04-02 16:25:16.028696,0.26,0.007,0,neutral,False,0
2026-04-02 16:25:16.208294,0.255,0.004,0,neutral,False,0
2026-04-02 16:25:16.427113,0.253,0.01,0,neutral,False,0
2026-04-02 16:25:17.103152,0.259,0.002,0,neutral,False,0
2026-04-02 16:25:17.537602,0.24,0.002,0,neutral,False,0
2026-04-02 16:25:17.636527,0.301,0.006,0,neutral,False,0
2026-04-02 16:25:17.807301,0.3,0.004,0,neutral,False,0
2026-04-02 16:25:18.004659,0.178,0.005,40,neutral,False,25
2026-04-02 16:25:18.198044,0.243,0.006,0,neutral,False,0
2026-04-02 16:25:18.483460,0.238,0.005,0,neutral,False,0
2026-04-02 16:25:18.820620,0.245,0.003,0,neutral,False,0
2026-04-02 16:25:18.945428,0.261,0.001,0,neutral,False,0
2026-04-02 16:25:19.110333,0.265,0.005,0,neutral,False,0
2026-04-02 16:25:19.283611,0.271,0.003,0,neutral,False,0
2026-04-02 16:25:19.443265,0.257,0.001,0,neutral,False,0
2026-04-02 16:25:19.800494,0.256,0.03,0,neutral,False,0
2026-04-02 16:25:20.201030,0.242,0.001,0,sad,False,0
2026-04-02 16:25:20.400146,0.252,0.002,0,sad,False,0
2026-04-02 16:25:20.515686,0.247,0.003,0,sad,False,0
2026-04-02 16:25:20.678599,0.258,0.002,0,sad,False,0
2026-04-02 16:25:20.885317,0.256,0.002,0,sad,False,0
2026-04-02 16:25:21.407369,0.258,0.001,0,sad,False,0
2026-04-02 16:25:21.961484,0.283,0.003,0,angry,False,0
2026-04-02 16:25:22.047402,0.303,0.008,0,angry,False,0
2026-04-02 16:25:22.204180,0.3,0.005,0,angry,False,0
2026-04-02 16:25:22.382437,0.294,0.034,0,angry,False,0
2026-04-02 16:25:22.525199,0.293,0.005,0,angry,False,0
2026-04-02 16:25:22.934168,0.289,0.013,0,angry,False,0
2026-04-02 16:25:23.496463,0.283,0.002,0,angry,False,0
2026-04-02 16:25:23.679256,0.297,0.003,0,angry,False,0
2026-04-02 16:25:23.787411,0.289,0.081,0,angry,False,0
2026-04-02 16:25:23.965095,0.285,0.003,0,angry,False,0
2026-04-02 16:25:24.144558,0.291,0.006,0,angry,False,0
2026-04-02 16:25:24.655280,0.265,0.007,0,angry,False,0
2026-04-02 16:25:25.098331,0.255,0.009,0,angry,False,0
2026-04-02 16:25:25.253328,0.246,0.005,0,angry,False,0
2026-04-02 16:25:25.409344,0.257,0.007,0,angry,False,0
2026-04-02 16:25:25.564576,0.257,0.006,0,angry,False,0
2026-04-02 16:25:25.725158,0.25,0.006,0,angry,False,0
2026-04-02 16:25:26.104449,0.244,0.008,0,angry,False,0
2026-04-02 16:25:26.596977,0.286,0.022,0,angry,False,0
2026-04-02 16:25:26.789404,0.28,0.007,0,angry,False,0
2026-04-02 16:25:26.908491,0.278,0.008,0,angry,False,0
2026-04-02 16:25:27.100644,0.277,0.005,0,angry,False,0
2026-04-02 16:25:27.245698,0.268,0.006,0,angry,False,0
2026-04-02 16:25:27.618587,0.282,0.004,0,angry,False,0
2026-04-02 16:25:28.148587,0.278,0.007,0,neutral,False,0
2026-04-02 16:25:28.235052,0.28,0.034,0,neutral,False,0
2026-04-02 16:25:28.412326,0.287,0.048,0,neutral,False,0
2026-04-02 16:25:28.571573,0.276,0.002,0,neutral,False,0
2026-04-02 16:25:28.775286,0.222,0.026,0,neutral,False,0
2026-04-02 16:25:29.135144,0.21,0.004,0,neutral,False,0
2026-04-02 16:25:29.680193,0.282,0.006,0,neutral,False,0
2026-04-02 16:25:29.821578,0.282,0.027,0,neutral,False,0
2026-04-02 16:25:30.012135,0.285,0.021,0,neutral,False,0
2026-04-02 16:25:30.423402,0.196,0.001,0,neutral,False,0
2026-04-02 16:25:30.551794,0.196,0.008,0,neutral,False,0
2026-04-02 16:25:30.920563,0.245,0.003,0,neutral,False,0
2026-04-02 16:25:31.592294,0.279,0.011,0,neutral,False,0
2026-04-02 16:25:31.779591,0.275,0.006,0,neutral,False,0
2026-04-02 16:25:31.854945,0.277,0.004,0,neutral,False,0
2026-04-02 16:25:32.030366,0.279,0.004,0,neutral,False,0
2026-04-02 16:25:32.200455,0.268,0.047,0,neutral,False,0
2026-04-02 16:25:32.763351,0.275,0.006,0,neutral,False,0
2026-04-02 16:25:33.297369,0.268,0.005,0,neutral,False,0
2026-04-02 16:25:33.391738,0.273,0.005,0,neutral,False,0
2026-04-02 16:25:33.581077,0.277,0.002,0,neutral,False,0
2026-04-02 16:25:33.767608,0.276,0.006,0,neutral,False,0
2026-04-02 16:25:33.923193,0.281,0.004,0,neutral,False,0
2026-04-02 16:25:34.460570,0.282,0.008,0,neutral,False,0
2026-04-02 16:25:35.339755,0.268,0.029,0,neutral,False,0
2026-04-02 16:25:35.514496,0.257,0.059,0,neutral,False,0
2026-04-02 16:25:35.680267,0.187,0.007,0,neutral,False,0
2026-04-02 16:25:35.815019,0.249,0.009,0,neutral,False,0
2026-04-02 16:25:36.053394,0.286,0.057,0,neutral,False,0
2026-04-02 16:25:36.455047,0.289,0.003,0,neutral,False,0
2026-04-02 16:25:37.089588,0.286,0.011,0,neutral,False,0
2026-04-02 16:25:37.272006,0.292,0.008,0,neutral,False,0
2026-04-02 16:25:37.730722,0.273,0.034,0,neutral,False,0
2026-04-02 16:25:37.936588,0.275,0.0,0,neutral,False,0
2026-04-02 16:25:38.082125,0.273,0.005,0,neutral,False,0
2026-04-02 16:25:38.580620,0.269,0.023,0,neutral,False,0
2026-04-02 16:43:03.135867,0.22,0.006,0,neutral,False,0
2026-04-02 16:43:03.265321,0.214,0.005,0,neutral,False,0
2026-04-02 16:43:03.424426,0.205,0.001,0,neutral,False,0
2026-04-02 16:43:03.605146,0.262,0.003,0,neutral,False,0
2026-04-02 16:43:03.766271,0.269,0.006,0,neutral,False,0
2026-04-02 16:43:05.591950,0.261,0.002,0,neutral,False,0
2026-04-02 16:43:05.908844,0.275,0.003,0,neutral,False,0
2026-04-02 16:43:06.069220,0.289,0.003,0,neutral,False,0
2026-04-02 16:43:06.260243,0.28,0.001,0,neutral,False,0
2026-04-02 16:43:06.401365,0.283,0.001,0,neutral,False,0
2026-04-02 16:43:06.560163,0.283,0.002,0,neutral,False,0
2026-04-02 16:43:06.930558,0.286,0.002,0,neutral,False,0
2026-04-02 16:43:07.210260,0.287,0.005,0,neutral,False,0
2026-04-02 16:43:07.367491,0.292,0.003,0,neutral,False,0
2026-04-02 16:43:07.769145,0.303,0.003,0,neutral,False,0
2026-04-02 16:43:07.910591,0.297,0.001,0,neutral,False,0
2026-04-02 16:43:08.065705,0.284,0.005,0,neutral,False,0
2026-04-02 16:43:08.433178,0.276,0.005,0,neutral,False,0
2026-04-02 16:43:08.709435,0.284,0.005,0,neutral,False,0
2026-04-02 16:43:08.866067,0.274,0.003,0,neutral,False,0
2026-04-02 16:43:09.060350,0.29,0.003,0,neutral,False,0
2026-04-02 16:43:09.225973,0.285,0.003,0,neutral,False,0
2026-04-02 16:43:09.359159,0.274,0.003,0,neutral,False,0
2026-04-02 16:43:09.750362,0.037,0.004,40,neutral,False,25
2026-04-02 16:43:10.322254,0.273,0.001,0,neutral,False,0
2026-04-02 16:43:10.465396,0.271,0.003,0,neutral,False,0
2026-04-02 16:43:10.678648,0.276,0.003,0,neutral,False,0
2026-04-02 16:43:10.818449,0.277,0.003,0,neutral,False,0
2026-04-02 16:43:10.961358,0.265,0.004,0,neutral,False,0
2026-04-02 16:43:11.343401,0.264,0.004,0,neutral,False,0
2026-04-02 16:43:11.715921,0.019,0.004,40,neutral,False,25
2026-04-02 16:43:11.873285,0.017,0.005,40,neutral,False,25
2026-04-02 16:43:12.047360,0.023,0.002,40,neutral,False,25
2026-04-02 16:43:12.232591,0.012,0.021,40,neutral,False,25
2026-04-02 16:43:12.369009,0.024,0.004,40,neutral,False,25
2026-04-02 16:43:12.741464,0.03,0.003,40,neutral,False,25
2026-04-02 16:43:13.226354,0.039,0.004,40,neutral,False,25
2026-04-02 16:43:13.426636,0.018,0.005,40,neutral,False,25
2026-04-02 16:43:13.552960,0.032,0.003,40,neutral,False,25
2026-04-02 16:43:13.677387,0.025,0.005,40,neutral,False,25
2026-04-02 16:43:13.873154,0.236,0.007,0,neutral,False,0
2026-04-02 16:43:14.267370,0.258,0.004,0,neutral,False,0
2026-04-02 16:43:14.626154,0.292,0.008,0,neutral,False,0
2026-04-02 16:43:14.772852,0.292,0.003,0,neutral,False,0
2026-04-02 16:43:14.931341,0.287,0.005,0,neutral,False,0
2026-04-02 16:43:15.126693,0.286,0.003,0,neutral,False,0
2026-04-02 16:43:15.281533,0.288,0.003,0,neutral,False,0
2026-04-02 16:43:15.667860,0.194,0.003,0,neutral,False,0
2026-04-02 16:43:16.345407,0.128,0.005,60,angry,False,45
2026-04-02 16:43:16.486314,0.139,0.005,60,angry,False,45
2026-04-02 16:43:16.641643,0.132,0.002,60,angry,False,45
2026-04-02 16:43:16.852456,0.121,0.005,60,angry,False,45
2026-04-02 16:43:16.979061,0.196,0.004,0,angry,False,0
2026-04-02 16:43:17.358980,0.241,0.014,0,angry,False,0
2026-04-02 16:43:17.832390,0.184,0.08,0,sad,False,0
2026-04-02 16:43:17.986374,0.248,0.131,0,sad,False,0
2026-04-02 16:43:18.129708,0.256,0.129,0,sad,False,0
2026-04-02 16:43:18.302527,0.199,0.172,0,sad,False,0
2026-04-02 16:43:18.481071,0.889,0.23,0,sad,False,0
2026-04-02 16:43:18.898612,0.303,0.022,0,sad,False,0
2026-04-02 16:43:19.419475,0.269,0.004,0,fear,False,0
2026-04-02 16:43:19.586060,0.263,0.004,0,fear,False,0
2026-04-02 16:43:19.744597,0.264,0.002,0,fear,False,0
2026-04-02 16:43:19.902056,0.276,0.004,0,fear,False,0
2026-04-02 16:43:20.081944,0.267,0.002,0,fear,False,0
2026-04-02 16:43:20.430382,0.277,0.006,0,fear,False,0
2026-04-02 16:43:20.813394,0.259,0.003,0,neutral,False,0
2026-04-02 16:43:20.995380,0.279,0.004,0,neutral,False,0
2026-04-02 16:43:21.141319,0.272,0.276,0,neutral,False,0
2026-04-02 16:43:21.345426,0.288,0.366,0,neutral,False,0
2026-04-02 16:43:21.489355,0.29,0.336,0,neutral,False,0
2026-04-02 16:43:21.845118,0.291,0.351,0,neutral,False,0
2026-04-02 16:43:22.315782,0.268,0.365,0,sad,False,0
2026-04-02 16:43:22.463518,0.278,0.361,0,sad,False,0
2026-04-02 16:43:22.641459,0.277,0.353,0,sad,False,0
2026-04-02 16:43:22.805861,0.266,0.36,0,sad,False,0
2026-04-02 16:43:22.993403,0.274,0.282,0,sad,False,0
2026-04-02 16:43:23.335759,0.269,0.126,0,sad,False,0
2026-04-02 16:43:23.704306,0.224,0.003,0,neutral,False,0
2026-04-02 16:43:23.910961,0.234,0.003,0,neutral,False,0
2026-04-02 16:43:24.052225,0.226,0.002,0,neutral,False,0
2026-04-02 16:43:24.207910,0.23,0.002,0,neutral,False,0
2026-04-02 16:43:24.367567,0.217,0.001,0,neutral,False,0
2026-04-02 16:43:24.719786,0.231,0.001,0,neutral,True,20
2026-04-02 16:43:25.041591,0.275,0.002,0,neutral,True,20
2026-04-02 16:43:25.230605,0.286,0.001,0,neutral,True,20
2026-04-02 16:43:25.345720,0.296,0.004,0,neutral,True,20
2026-04-02 16:43:25.507088,0.266,0.118,0,neutral,True,20
2026-04-02 16:43:25.663782,0.273,0.16,0,neutral,True,20
2026-04-02 16:43:26.031766,0.269,0.144,0,neutral,False,0
2026-04-02 16:43:26.399300,0.284,0.001,0,neutral,False,0
2026-04-02 16:43:26.577438,0.279,0.003,0,neutral,False,0
2026-04-02 16:43:26.754839,0.281,0.001,0,neutral,False,0
2026-04-02 16:43:26.914954,0.293,0.004,0,neutral,False,0
2026-04-02 16:43:27.069483,0.296,0.004,0,neutral,False,0
2026-04-02 16:43:27.511658,0.29,0.003,0,neutral,False,0
2026-04-02 16:43:28.114530,0.264,0.019,0,neutral,False,0
2026-04-02 16:43:28.335089,0.238,0.012,0,neutral,False,0
2026-04-02 16:43:28.473476,0.275,0.003,0,neutral,False,0
2026-04-02 16:43:28.659983,0.255,0.14,0,neutral,False,0
2026-04-02 16:43:28.822425,0.282,0.038,0,neutral,False,0
2026-04-02 16:43:29.209211,0.26,0.039,0,neutral,True,20
2026-04-02 16:43:29.530145,0.283,0.054,0,neutral,True,20
2026-04-02 16:43:29.794894,0.279,0.044,0,neutral,True,20
2026-04-02 16:43:29.967907,0.29,0.192,0,neutral,True,20
2026-04-02 16:43:30.128706,0.286,0.018,0,neutral,True,20
2026-04-02 16:43:30.352115,0.281,0.134,0,neutral,True,20
2026-04-02 16:43:30.717395,0.274,0.127,0,neutral,True,20
2026-04-02 16:43:31.211891,0.273,0.005,0,neutral,True,20
2026-04-02 16:43:31.335273,0.285,0.105,0,neutral,True,20
2026-04-02 16:43:31.567540,0.284,0.005,0,neutral,True,20
2026-04-02 16:43:31.769971,0.285,0.037,0,neutral,True,20
2026-04-02 16:43:32.047500,0.313,0.169,0,neutral,True,20
2026-04-02 16:43:32.375603,0.284,0.034,0,neutral,True,20
2026-04-02 16:43:32.659454,0.315,0.04,0,neutral,True,20
2026-04-02 16:43:32.805286,0.285,0.026,0,neutral,True,20
2026-04-02 16:43:32.963400,0.303,0.061,0,neutral,True,20
2026-04-02 16:43:33.151980,0.223,0.069,0,neutral,True,20
2026-04-02 16:43:33.315266,0.263,0.023,0,neutral,True,20
2026-04-02 16:43:33.654006,0.291,0.012,0,neutral,False,0
2026-04-02 16:43:34.029207,0.309,0.017,0,neutral,False,0
2026-04-02 16:43:34.210276,0.313,0.004,0,neutral,False,0
2026-04-02 16:43:34.379466,0.3,0.008,0,neutral,False,0
2026-04-02 16:43:34.535900,0.297,0.002,0,neutral,False,0
2026-04-02 16:43:34.706330,0.308,0.001,0,neutral,False,0
2026-04-02 16:43:35.053389,0.308,0.005,0,neutral,True,20
2026-04-02 16:43:35.465813,0.3,0.008,0,fear,True,20
2026-04-02 16:43:35.616748,0.286,0.01,0,fear,True,20
2026-04-02 16:43:35.763559,0.266,0.002,0,fear,True,20
2026-04-02 16:43:35.937781,0.099,0.002,40,fear,True,45
2026-04-02 16:43:36.116642,0.22,0.003,0,fear,True,20
2026-04-02 16:43:36.537185,0.242,0.001,0,fear,False,0
2026-04-02 16:43:36.928131,0.207,0.001,0,neutral,False,0
2026-04-02 16:43:37.125393,0.26,0.001,0,neutral,False,0
2026-04-02 16:43:37.267314,0.267,0.002,0,neutral,False,0
2026-04-02 16:43:37.441958,0.272,0.002,0,neutral,False,0
2026-04-02 16:43:37.616231,0.276,0.002,0,neutral,False,0
2026-04-02 16:43:37.958167,0.281,0.005,0,neutral,False,0
2026-04-02 16:43:38.350418,0.243,0.004,0,neutral,False,0
2026-04-02 16:43:38.518333,0.242,0.009,0,neutral,False,0
2026-04-02 16:43:38.674494,0.257,0.01,0,neutral,False,0
2026-04-02 16:43:38.834556,0.249,0.007,0,neutral,False,0
2026-04-02 16:43:39.022244,0.254,0.004,0,neutral,False,0
2026-04-02 16:43:39.392537,0.242,0.002,0,neutral,True,20
2026-04-02 16:43:39.944158,0.244,0.005,0,neutral,True,20
2026-04-02 16:43:40.147858,0.254,0.017,0,neutral,True,20
2026-04-02 16:43:40.272163,0.25,0.021,0,neutral,True,20
2026-04-02 16:43:40.443192,0.247,0.005,0,neutral,True,20
2026-04-02 16:43:40.626151,0.245,0.003,0,neutral,True,20
2026-04-02 16:43:41.003100,0.246,0.003,0,neutral,True,20
2026-04-02 16:43:41.351178,0.262,0.003,0,neutral,True,20
2026-04-02 16:43:41.522765,0.185,0.001,0,neutral,True,20
2026-04-02 16:43:41.689008,0.258,0.002,0,neutral,True,20
2026-04-02 16:43:41.840980,0.274,0.001,0,neutral,True,20
2026-04-02 16:43:41.998665,0.286,0.004,0,neutral,True,20
2026-04-02 16:43:42.391649,0.303,0.003,0,neutral,False,0
2026-04-02 16:43:42.762264,0.254,0.002,0,neutral,False,0
2026-04-02 16:43:42.897361,0.304,0.003,0,neutral,False,0
2026-04-02 16:43:43.092115,0.109,0.002,40,neutral,False,25
2026-04-02 16:43:43.233278,0.265,0.001,0,neutral,False,0
2026-04-02 16:43:43.423864,0.275,0.001,0,neutral,False,0
2026-04-02 16:43:43.784381,0.22,0.002,0,neutral,False,0
2026-04-02 16:43:44.138794,0.279,0.002,0,neutral,False,0
2026-04-02 16:43:44.303508,0.297,0.001,0,neutral,False,0
2026-04-02 16:43:44.481671,0.096,0.002,40,neutral,False,25
2026-04-02 16:43:44.640528,0.254,0.002,0,neutral,False,0
2026-04-02 16:43:44.802886,0.293,0.001,0,neutral,False,0
2026-04-02 16:43:45.155191,0.294,0.0,0,neutral,False,0
2026-04-02 16:43:45.641447,0.303,0.001,0,neutral,False,0
2026-04-02 16:43:45.852684,0.303,0.001,0,neutral,False,0
2026-04-02 16:43:45.989185,0.301,0.001,0,neutral,False,0
2026-04-02 16:43:46.148824,0.287,0.003,0,neutral,False,0
2026-04-02 16:43:46.307143,0.191,0.005,0,neutral,False,0
2026-04-02 16:43:46.672832,0.295,0.003,0,neutral,False,0
2026-04-02 16:43:47.047152,0.287,0.001,0,neutral,False,0
2026-04-02 16:43:47.197213,0.283,0.002,0,neutral,False,0
2026-04-02 16:43:47.391571,0.269,0.003,0,neutral,False,0
2026-04-02 16:43:47.538995,0.294,0.002,0,neutral,False,0
2026-04-02 16:43:47.704454,0.298,0.002,0,neutral,False,0
2026-04-02 16:43:48.089364,0.297,0.003,0,neutral,False,0
2026-04-02 16:43:48.452789,0.278,0.003,0,neutral,False,0
2026-04-02 16:43:48.617713,0.284,0.004,0,neutral,False,0
2026-04-02 16:43:48.774909,0.296,0.002,0,neutral,False,0
2026-04-02 16:43:48.944019,0.299,0.001,0,neutral,False,0
2026-04-02 16:43:49.100863,0.289,0.002,0,neutral,False,0
2026-04-02 16:43:49.441007,0.278,0.002,0,neutral,False,0
2026-04-02 16:43:49.802465,0.282,0.004,0,neutral,False,0
2026-04-02 16:43:49.953282,0.217,0.005,0,neutral,False,0
2026-04-02 16:43:50.104388,0.254,0.005,0,neutral,False,0
2026-04-02 16:43:50.282907,0.298,0.008,0,neutral,False,0
2026-04-02 16:43:50.449539,0.284,0.003,0,neutral,False,0
2026-04-02 16:43:50.786257,0.292,0.001,0,neutral,False,0
2026-04-02 16:43:51.270333,0.236,0.003,0,neutral,False,0
2026-04-02 16:43:51.490583,0.264,0.001,0,neutral,False,0
2026-04-02 16:43:51.603742,0.262,0.002,0,neutral,False,0
2026-04-02 16:43:51.772757,0.262,0.003,0,neutral,False,0
2026-04-02 16:43:51.954882,0.272,0.002,0,neutral,False,0
2026-04-02 16:43:52.274220,0.268,0.004,0,neutral,False,0
2026-04-02 16:43:52.684055,0.286,0.003,0,neutral,False,0
2026-04-02 16:43:52.848127,0.282,0.001,0,neutral,False,0
2026-04-02 16:43:53.008591,0.292,0.002,0,neutral,False,0
2026-04-02 16:43:53.174589,0.297,0.004,0,neutral,False,0
2026-04-02 16:43:53.328818,0.296,0.005,0,neutral,False,0
2026-04-02 16:43:53.688349,0.299,0.003,0,neutral,False,0
2026-04-02 16:43:54.070922,0.231,0.016,0,neutral,False,0
2026-04-02 16:43:54.257903,0.237,0.003,0,neutral,False,0
2026-04-02 16:43:54.415559,0.234,0.006,0,neutral,False,0
2026-04-02 16:43:54.561462,0.221,0.004,0,neutral,False,0
2026-04-02 16:43:54.751760,0.332,0.007,0,neutral,False,0
2026-04-02 16:44:00.629192,0.221,0.003,0,neutral,False,0
2026-04-02 16:44:00.981267,0.268,0.005,0,neutral,False,0
2026-04-02 16:44:01.123569,0.268,0.004,0,neutral,False,0
2026-04-02 16:44:01.294278,0.274,0.001,0,neutral,False,0
2026-04-02 16:44:01.469687,0.271,0.005,0,neutral,False,0
2026-04-02 16:44:01.685371,0.271,0.003,0,neutral,False,0
2026-04-02 16:44:01.975780,0.269,0.004,0,neutral,False,0
2026-04-02 16:44:02.352811,0.192,0.027,0,neutral,False,0
2026-04-02 16:44:02.625290,0.294,0.027,0,neutral,False,0
2026-04-02 16:44:03.328417,0.21,0.002,0,neutral,False,0
2026-04-02 16:44:03.841296,0.241,0.003,0,neutral,False,0
2026-04-02 16:44:04.033923,0.273,0.004,0,neutral,False,0
2026-04-02 16:44:04.505201,0.273,0.004,0,neutral,False,0
2026-04-02 16:44:04.755478,0.283,0.007,0,neutral,False,0
2026-04-02 16:44:04.896083,0.278,0.004,0,neutral,False,0
2026-04-02 16:44:05.061448,0.284,0.022,0,neutral,False,0
2026-04-02 16:44:05.233907,0.286,0.031,0,neutral,False,0
2026-04-02 16:44:05.429119,0.293,0.006,0,neutral,False,0
2026-04-02 16:44:05.748389,0.213,0.004,0,neutral,False,0
2026-04-02 16:44:06.031840,0.283,0.003,0,neutral,False,0
2026-04-02 16:44:06.210161,0.295,0.003,0,neutral,False,0
2026-04-02 16:44:06.369136,0.292,0.001,0,neutral,False,0
2026-04-02 16:44:06.530799,0.287,0.002,0,neutral,False,0
2026-04-02 16:44:06.702704,0.29,0.002,0,neutral,False,0
2026-04-02 16:44:07.090362,0.284,0.0,0,neutral,False,0
2026-04-02 16:44:07.515941,0.181,0.002,0,neutral,False,0
2026-04-02 16:44:07.600538,0.27,0.004,0,neutral,False,0
2026-04-02 16:44:07.863353,0.263,0.0,0,neutral,False,0
2026-04-02 16:44:07.940876,0.269,0.002,0,neutral,False,0
2026-04-02 16:44:08.111209,0.274,0.001,0,neutral,False,0
2026-04-02 16:44:08.640632,0.311,0.003,0,neutral,False,0
2026-04-02 16:44:09.031498,0.263,0.001,0,angry,False,0
2026-04-02 16:44:09.196153,0.273,0.001,0,angry,False,0
2026-04-02 16:44:09.378413,0.261,0.001,0,angry,False,0
2026-04-02 16:44:09.547521,0.249,0.001,0,angry,False,0
2026-04-02 16:44:09.689788,0.239,0.001,0,angry,False,0
2026-04-02 16:44:10.059448,0.238,0.002,0,angry,False,0
2026-04-02 16:44:10.319509,0.26,0.003,0,neutral,False,0
2026-04-02 16:44:10.479211,0.272,0.003,0,neutral,False,0
2026-04-02 16:44:10.670186,0.278,0.004,0,neutral,False,0
2026-04-02 16:44:10.818168,0.274,0.002,0,neutral,False,0
2026-04-02 16:44:11.039818,0.287,0.003,0,neutral,False,0
2026-04-02 16:44:11.617537,0.268,0.004,0,neutral,False,0
2026-04-02 16:44:11.905494,0.283,0.002,0,neutral,False,0
2026-04-02 16:44:12.078327,0.278,0.005,0,neutral,False,0
2026-04-02 16:44:12.193221,0.27,0.002,0,neutral,False,0
2026-04-02 16:44:12.357264,0.28,0.004,0,neutral,False,0
2026-04-02 16:44:12.529654,0.287,0.004,0,neutral,False,0
2026-04-02 16:44:12.894871,0.282,0.004,0,neutral,False,0
2026-04-02 16:44:13.264857,0.276,0.002,0,neutral,False,0
2026-04-02 16:44:13.433717,0.21,0.004,0,neutral,False,0
2026-04-02 16:44:13.622299,0.225,0.005,0,neutral,False,0
2026-04-02 16:44:13.852713,0.254,0.005,0,neutral,False,0
2026-04-02 16:44:13.923712,0.24,0.018,0,neutral,False,0
2026-04-02 16:44:14.315310,0.257,0.002,0,neutral,False,0
2026-04-02 16:44:18.303348,0.182,0.006,0,neutral,False,0
2026-04-02 16:44:18.532895,0.209,0.004,0,neutral,False,0
2026-04-02 16:44:18.645165,0.21,0.004,0,neutral,False,0
2026-04-02 16:44:18.815381,0.239,0.004,0,neutral,False,0
2026-04-02 16:44:18.975326,0.258,0.013,0,neutral,False,0
2026-04-02 16:44:19.329366,0.295,0.044,0,neutral,False,0
2026-04-02 16:44:19.774438,0.3,0.004,0,neutral,False,0
2026-04-02 16:44:20.064883,0.145,0.004,40,neutral,False,25
2026-04-02 16:44:20.234944,0.156,0.003,40,neutral,False,25
2026-04-02 16:44:20.437836,0.18,0.003,0,neutral,False,0
2026-04-02 16:44:20.573019,0.197,0.002,0,neutral,False,0
2026-04-02 16:44:21.022112,0.123,0.003,40,neutral,False,25
2026-04-02 16:44:21.296631,0.29,0.003,0,neutral,False,0
2026-04-02 16:44:21.475209,0.308,0.004,0,neutral,False,0
2026-04-02 16:44:21.653829,0.313,0.001,0,neutral,False,0
2026-04-02 16:44:21.798434,0.311,0.002,0,neutral,False,0
2026-04-02 16:44:22.043798,0.315,0.001,0,neutral,False,0
2026-04-02 16:44:22.302560,0.318,0.002,0,neutral,False,0
2026-04-02 16:44:22.940747,0.25,0.003,0,neutral,False,0
2026-04-02 16:44:23.063256,0.27,0.001,0,neutral,False,0
2026-04-02 16:44:23.233133,0.261,0.003,0,neutral,False,0
2026-04-02 16:44:23.392261,0.252,0.003,0,neutral,False,0
2026-04-02 16:44:23.801692,0.19,0.005,0,neutral,False,0
2026-04-02 16:44:24.220309,0.169,0.001,40,neutral,False,25
2026-04-02 16:47:30.264424,0.213,0.011,0,sad,False,0
2026-04-02 16:47:30.399075,0.211,0.029,0,sad,False,0
2026-04-02 16:47:30.552269,0.192,0.135,0,sad,False,0
2026-04-02 16:47:30.727758,0.18,0.017,0,sad,False,0
2026-04-02 16:47:30.936448,0.323,0.008,0,sad,False,0
2026-04-02 16:47:31.562229,0.352,0.007,0,sad,False,0
2026-04-02 16:47:31.843657,0.257,0.006,0,neutral,False,0
2026-04-02 16:47:32.176125,0.251,0.001,0,neutral,False,0
2026-04-02 16:47:32.280518,0.24,0.002,0,neutral,False,0
2026-04-02 16:47:32.472339,0.258,0.003,0,neutral,False,0
2026-04-02 16:47:32.634614,0.257,0.002,0,neutral,False,0
2026-04-02 16:47:33.048435,0.261,0.003,0,neutral,False,0
2026-04-02 16:47:33.681085,0.229,0.003,0,neutral,False,0
2026-04-02 16:47:33.837397,0.252,0.003,0,neutral,False,0
2026-04-02 16:47:33.993899,0.263,0.002,0,neutral,False,0
2026-04-02 16:47:34.147477,0.265,0.003,0,neutral,False,0
2026-04-02 16:47:34.331840,0.257,0.002,0,neutral,False,0
2026-04-02 16:47:34.735759,0.268,0.003,0,neutral,False,0
2026-04-02 16:47:35.182815,0.229,0.003,0,neutral,False,0
2026-04-02 16:47:35.339510,0.209,0.003,0,neutral,False,0
2026-04-02 16:47:35.481605,0.251,0.002,0,neutral,False,0
2026-04-02 16:47:35.653966,0.264,0.005,0,neutral,False,0
2026-04-02 16:47:35.832073,0.22,0.01,0,neutral,False,0
2026-04-02 16:47:36.210643,0.2,0.005,0,neutral,False,0
2026-04-02 16:47:40.794125,0.166,0.004,40,neutral,False,25
2026-04-02 16:47:40.952503,0.2,0.009,0,neutral,False,0
2026-04-02 16:47:41.142585,0.216,0.005,0,neutral,False,0
2026-04-02 16:47:41.403966,0.246,0.005,0,neutral,False,0
2026-04-02 16:47:41.753562,0.254,0.005,0,neutral,False,0
2026-04-02 16:47:42.097802,0.264,0.002,0,neutral,False,0
2026-04-02 16:47:42.396898,0.078,0.003,40,neutral,False,25
2026-04-02 16:47:42.557137,0.058,0.002,40,neutral,False,25
2026-04-02 16:47:42.727922,0.044,0.004,40,neutral,False,25
2026-04-02 16:47:43.118417,0.033,0.003,40,neutral,False,25
2026-04-02 16:47:43.261685,0.05,0.003,40,neutral,False,25
2026-04-02 16:47:43.635116,0.028,0.004,40,neutral,False,25
2026-04-02 16:47:44.296358,0.045,0.018,40,neutral,False,25
2026-04-02 16:47:44.362965,0.236,0.004,0,neutral,False,0
2026-04-02 16:47:44.537174,0.247,0.003,0,neutral,False,0
2026-04-02 16:47:44.667109,0.255,0.001,0,neutral,False,0
2026-04-02 16:47:44.919929,0.279,0.002,0,neutral,False,0
2026-04-02 16:47:45.176886,0.158,0.002,40,neutral,False,25
2026-04-02 16:47:45.513875,0.264,0.006,0,neutral,False,0
2026-04-02 16:47:45.653808,0.175,0.004,40,neutral,False,25
2026-04-02 16:47:45.799295,0.248,0.002,0,neutral,False,0
2026-04-02 16:47:45.977633,0.244,0.002,0,neutral,False,0
2026-04-02 16:47:46.139030,0.244,0.002,0,neutral,False,0
2026-04-02 16:47:46.541504,0.234,0.003,0,neutral,False,0
2026-04-02 16:47:46.899261,0.26,0.002,0,neutral,False,0
2026-04-02 16:47:47.058167,0.247,0.003,0,neutral,False,0
2026-04-02 16:47:47.244021,0.252,0.004,0,neutral,False,0
2026-04-02 16:47:47.386113,0.256,0.006,0,neutral,False,0
2026-04-02 16:47:47.556816,0.249,0.005,0,neutral,False,0
2026-04-02 16:47:47.926100,0.137,0.003,40,neutral,False,25
2026-04-02 16:47:48.305093,0.265,0.003,0,sad,False,0
2026-04-02 16:47:48.457432,0.259,0.0,0,sad,False,0
2026-04-02 16:47:48.619048,0.257,0.005,0,sad,False,0
2026-04-02 16:47:48.795844,0.255,0.005,0,sad,False,0
2026-04-02 16:47:48.969630,0.269,0.005,0,sad,False,0
2026-04-02 16:47:49.342664,0.029,0.03,40,sad,False,25
2026-04-02 16:47:49.713888,0.256,0.044,0,fear,False,0
2026-04-02 16:47:49.855984,0.251,0.014,0,fear,False,0
2026-04-02 16:47:50.041879,0.258,0.009,0,fear,False,0
2026-04-02 16:47:50.204771,0.265,0.005,0,fear,False,0
2026-04-02 16:47:50.355325,0.272,0.005,0,fear,False,0
2026-04-02 16:47:50.680290,0.276,0.011,0,fear,False,0
2026-04-02 16:47:51.028182,0.229,0.014,0,neutral,False,0
2026-04-02 16:47:51.162504,0.154,0.023,40,neutral,False,25
2026-04-02 16:47:51.326203,0.16,0.006,40,neutral,False,25
2026-04-02 16:47:51.499019,0.217,0.014,0,neutral,False,0
2026-04-02 16:47:51.658969,0.141,0.108,40,neutral,False,25
2026-04-02 16:47:52.007179,0.227,0.012,0,neutral,True,20
2026-04-02 16:47:52.418401,0.265,0.005,0,neutral,True,20
2026-04-02 16:47:52.553341,0.258,0.004,0,neutral,True,20
2026-04-02 16:47:52.735823,0.28,0.008,0,neutral,True,20
2026-04-02 16:47:52.906703,0.255,0.003,0,neutral,True,20
2026-04-02 16:47:53.052592,0.243,0.004,0,neutral,True,20
2026-04-02 16:47:53.405065,0.279,0.001,0,neutral,False,0
2026-04-02 16:47:53.802817,0.292,0.005,0,neutral,False,0
2026-04-02 16:47:53.963575,0.294,0.001,0,neutral,False,0
2026-04-02 16:47:54.388055,0.098,0.002,40,neutral,False,25
2026-04-02 16:47:54.506839,0.161,0.005,40,neutral,False,25
2026-04-02 16:47:54.666832,0.295,0.002,0,neutral,False,0
2026-04-02 16:47:55.050703,0.282,0.003,0,neutral,False,0
2026-04-02 16:47:55.496941,0.271,0.002,0,neutral,False,0
2026-04-02 16:47:55.663882,0.254,0.004,0,neutral,False,0
2026-04-02 16:47:55.819936,0.257,0.003,0,neutral,False,0
2026-04-02 16:47:56.011014,0.269,0.003,0,neutral,False,0
2026-04-02 16:47:56.172422,0.262,0.003,0,neutral,False,0
2026-04-02 16:47:56.729360,0.153,0.001,40,neutral,False,25
2026-04-02 16:57:49.375412,0.255,0.005,0,angry,False,0
2026-04-02 16:57:49.569477,0.265,0.009,0,angry,False,0
2026-04-02 16:57:49.721685,0.262,0.01,0,angry,False,0
2026-04-02 16:57:49.906864,0.278,0.014,0,angry,False,0
2026-04-02 16:57:50.082847,0.285,0.016,0,angry,False,0
2026-04-02 16:57:50.908576,0.267,0.002,0,angry,False,0
2026-04-02 16:57:51.568317,0.265,0.003,0,neutral,False,0
2026-04-02 16:57:51.688561,0.287,0.026,0,neutral,False,0
2026-04-02 16:57:51.829098,0.281,0.001,0,neutral,False,0
2026-04-02 16:57:52.030200,0.289,0.003,0,neutral,False,0
2026-04-02 16:57:52.233312,0.285,0.007,0,neutral,False,0
2026-04-02 16:57:52.783991,0.277,0.002,0,neutral,False,0
2026-04-02 16:57:53.221423,0.171,0.01,60,neutral,False,45
2026-04-02 16:57:53.378167,0.179,0.012,60,neutral,False,45
2026-04-02 16:57:53.540638,0.184,0.042,60,neutral,False,45
2026-04-02 16:57:53.712353,0.188,0.029,60,neutral,False,45
2026-04-02 16:57:53.888860,0.181,0.077,60,neutral,False,45
2026-04-02 16:57:54.293013,0.182,0.012,60,neutral,False,45
2026-04-02 16:57:54.719940,0.178,0.007,60,neutral,False,45
2026-04-02 16:57:54.879294,0.189,0.058,60,neutral,False,45
2026-04-02 16:57:55.043948,0.189,0.042,60,neutral,False,45
2026-04-02 16:57:55.311579,0.184,0.053,60,neutral,False,45
2026-04-02 16:57:55.820682,0.186,0.049,60,neutral,False,45
2026-04-02 16:57:56.337576,0.287,0.004,0,neutral,False,0
2026-04-02 16:57:56.920541,0.278,0.007,0,neutral,False,0
2026-04-02 16:57:57.071161,0.277,0.004,0,neutral,False,0
2026-04-02 16:57:57.216946,0.281,0.007,0,neutral,False,0
2026-04-02 16:57:57.404272,0.288,0.004,0,neutral,False,0
2026-04-02 16:57:57.555514,0.276,0.006,0,neutral,False,0
2026-04-02 16:57:58.049674,0.271,0.003,0,neutral,False,0
2026-04-02 16:57:58.516336,0.09,0.002,40,neutral,False,25
2026-04-02 16:57:58.710699,0.108,0.007,40,neutral,False,25
2026-04-02 16:57:58.888934,0.089,0.005,40,neutral,False,25
2026-04-02 16:57:59.078575,0.089,0.004,40,neutral,False,25
2026-04-02 16:57:59.288528,0.073,0.002,40,neutral,False,25
2026-04-02 16:57:59.911109,0.091,0.001,40,neutral,False,25
2026-04-02 16:58:00.465656,0.183,0.0,40,neutral,False,25
2026-04-02 16:58:00.654441,0.174,0.057,40,neutral,False,25
2026-04-02 16:58:00.966723,0.219,0.016,0,neutral,False,0
2026-04-02 16:58:01.109557,0.247,0.006,0,neutral,False,0
2026-04-02 16:58:03.571626,0.204,0.002,0,neutral,False,0
2026-04-02 16:58:03.895227,0.192,0.007,40,neutral,False,25
2026-04-02 16:58:04.207522,0.23,0.003,0,neutral,False,0
2026-04-02 16:58:04.371115,0.246,0.001,0,neutral,False,0
2026-04-02 16:58:04.540543,0.23,0.002,0,neutral,False,0
2026-04-02 16:58:04.727706,0.247,0.009,0,neutral,False,0
2026-04-02 16:58:04.892410,0.258,0.001,0,neutral,False,0
2026-04-02 16:58:05.374128,0.266,0.002,0,neutral,False,0
2026-04-02 16:58:05.913842,0.247,0.006,0,neutral,False,0
2026-04-02 16:58:06.198416,0.274,0.01,0,neutral,False,0
2026-04-02 16:58:06.410717,0.218,0.004,0,neutral,False,0
2026-04-02 16:58:06.568208,0.242,0.021,0,neutral,False,0
2026-04-02 16:58:06.806390,0.234,0.008,0,neutral,False,0
2026-04-02 16:58:07.216841,0.218,0.006,0,neutral,True,20
2026-04-02 16:58:07.536029,0.232,0.009,0,neutral,True,20
2026-04-02 16:58:07.849051,0.232,0.017,0,neutral,True,20
2026-04-02 16:58:07.984943,0.181,0.046,40,neutral,True,45
2026-04-02 16:58:08.250809,0.241,0.008,0,neutral,True,20
2026-04-02 16:58:08.418064,0.243,0.009,0,neutral,True,20
2026-04-02 16:58:08.879874,0.241,0.008,0,neutral,True,20
2026-04-02 16:58:09.342972,0.208,0.005,0,neutral,True,20
2026-04-02 16:58:09.469555,0.271,0.006,0,neutral,True,20
2026-04-02 16:58:09.686638,0.261,0.009,0,neutral,True,20
2026-04-02 16:58:09.842355,0.242,0.007,0,neutral,True,20
2026-04-02 16:58:10.091066,0.238,0.006,0,neutral,True,20
2026-04-02 16:58:10.548053,0.254,0.038,0,neutral,True,20
2026-04-02 16:58:10.972126,0.225,0.051,0,neutral,True,20
2026-04-02 16:58:11.128337,0.253,0.004,0,neutral,True,20
2026-04-02 16:58:11.271737,0.244,0.004,0,neutral,True,20
2026-04-02 16:58:11.405916,0.25,0.007,0,neutral,True,20
2026-04-02 16:58:11.715563,0.271,0.008,0,neutral,True,20
2026-04-02 16:58:12.074048,0.245,0.004,0,neutral,False,0
2026-04-02 16:58:12.543639,0.248,0.015,0,neutral,False,0
2026-04-02 16:58:12.961490,0.249,0.014,0,neutral,False,0
2026-04-02 16:58:13.169166,0.256,0.017,0,neutral,False,0
2026-04-02 16:58:13.374397,0.215,0.004,0,neutral,False,0
2026-04-02 16:58:13.538752,0.208,0.011,0,neutral,False,0
2026-04-02 16:58:13.967562,0.233,0.018,0,neutral,True,20
2026-04-02 16:58:14.315090,0.226,0.016,0,neutral,True,20
2026-04-02 16:58:14.496065,0.229,0.015,0,neutral,True,20
2026-04-02 16:58:14.681684,0.26,0.016,0,neutral,True,20
2026-04-02 16:58:14.834281,0.258,0.01,0,neutral,True,20
2026-04-02 16:58:15.004836,0.272,0.012,0,neutral,True,20
2026-04-02 16:58:15.445198,0.277,0.01,0,neutral,False,0
2026-04-02 16:58:15.790412,0.106,0.001,40,neutral,False,25
2026-04-02 16:58:15.921261,0.247,0.001,0,neutral,False,0
2026-04-02 16:58:16.052909,0.27,0.001,0,neutral,False,0
2026-04-02 16:58:16.221696,0.278,0.004,0,neutral,False,0
2026-04-02 16:58:16.459216,0.259,0.001,0,neutral,False,0
2026-04-02 16:58:16.869964,0.158,0.003,40,neutral,False,25
2026-04-02 16:58:17.572815,0.273,0.013,0,neutral,False,0
2026-04-02 16:58:17.697343,0.245,0.013,0,neutral,False,0
2026-04-02 16:58:17.893516,0.298,0.011,0,neutral,False,0
2026-04-02 16:58:18.068062,0.284,0.008,0,neutral,False,0
2026-04-02 16:58:20.094200,0.367,0.013,0,neutral,False,0
2026-04-02 16:58:20.435490,0.294,0.127,0,neutral,True,20
2026-04-02 16:58:21.024799,0.307,0.015,0,neutral,True,20
2026-04-02 16:58:21.210793,0.282,0.064,0,neutral,True,20
2026-04-02 16:58:21.517251,0.276,0.019,0,neutral,True,20
2026-04-02 16:58:21.695721,0.268,0.059,0,neutral,True,20
2026-04-02 16:58:21.966801,0.256,0.003,0,neutral,True,20
2026-04-02 16:58:22.590928,0.26,0.001,0,neutral,False,0
2026-04-02 16:58:22.998638,0.24,0.003,0,neutral,False,0
2026-04-02 16:58:23.185980,0.227,0.0,0,neutral,False,0
2026-04-02 16:58:23.400140,0.237,0.002,0,neutral,False,0
2026-04-02 16:58:23.666111,0.266,0.001,0,neutral,False,0
2026-04-02 16:58:23.922368,0.27,0.002,0,neutral,False,0
2026-04-02 16:58:24.563756,0.26,0.006,0,neutral,False,0
2026-04-02 16:58:24.974998,0.23,0.021,0,neutral,False,0
2026-04-02 16:58:25.188214,0.189,0.002,40,neutral,False,25
2026-04-02 16:58:25.372399,0.182,0.002,40,neutral,False,25
2026-04-02 21:47:05.030769,0.293,0.003,0,neutral,False,0
2026-04-02 21:47:05.284894,0.19,0.001,0,neutral,False,0
2026-04-02 21:47:05.430509,0.235,0.005,0,neutral,False,0
2026-04-02 21:47:05.611898,0.237,0.002,0,neutral,False,0
2026-04-02 21:47:05.783214,0.235,0.005,0,neutral,False,0
2026-04-02 21:47:06.454390,0.238,0.008,40,neutral,False,0
2026-04-02 21:47:06.896456,0.235,0.004,40,neutral,False,0
2026-04-02 21:47:07.062386,0.244,0.002,40,neutral,False,0
2026-04-02 21:47:07.215474,0.229,0.003,40,neutral,False,0
2026-04-02 21:47:07.409541,0.23,0.006,40,neutral,False,0
2026-04-02 21:47:07.546800,0.227,0.006,40,neutral,False,0
2026-04-02 21:47:07.906664,0.234,0.003,40,neutral,False,0
2026-04-02 21:47:08.275727,0.237,0.004,40,neutral,False,0
2026-04-02 21:47:08.420307,0.239,0.003,40,neutral,False,0
2026-04-02 21:47:08.597955,0.251,0.002,40,neutral,False,0
2026-04-02 21:47:08.783335,0.238,0.003,40,neutral,False,0
2026-04-02 21:47:08.931115,0.251,0.008,40,neutral,False,0
2026-04-02 21:47:09.306039,0.245,0.002,40,neutral,False,0
2026-04-02 21:47:09.725606,0.223,0.03,40,neutral,False,0
2026-04-02 21:47:09.851368,0.214,0.004,40,neutral,False,0
2026-04-02 21:47:09.999494,0.231,0.004,40,neutral,False,0
2026-04-02 21:47:10.165587,0.232,0.005,40,neutral,False,0
2026-04-02 21:47:10.344606,0.262,0.005,40,neutral,False,0
2026-04-02 21:47:10.690413,0.27,0.003,40,neutral,False,0
2026-04-02 21:47:11.197690,0.255,0.004,40,neutral,False,0
2026-04-02 21:47:11.332702,0.257,0.005,40,neutral,False,0
2026-04-02 21:47:11.540070,0.262,0.005,40,neutral,False,0
2026-04-02 21:47:11.671890,0.259,0.004,40,neutral,False,0
2026-04-02 21:47:11.835703,0.247,0.006,40,neutral,False,0
2026-04-02 21:47:12.205160,0.26,0.005,0,neutral,False,0
2026-04-02 21:47:12.550160,0.267,0.001,40,neutral,False,0
2026-04-02 21:47:12.731786,0.269,0.007,40,neutral,False,0
2026-04-02 21:47:12.915582,0.267,0.008,40,neutral,False,0
2026-04-02 21:47:13.068112,0.267,0.002,40,neutral,False,0
2026-04-02 21:47:13.246671,0.279,0.003,40,neutral,False,0
2026-04-02 21:47:13.615383,0.247,0.005,40,neutral,False,0
2026-04-02 21:47:13.961471,0.249,0.003,40,neutral,False,0
2026-04-02 21:47:14.142238,0.265,0.025,40,neutral,False,0
2026-04-02 21:47:14.303523,0.276,0.008,40,neutral,False,0
2026-04-02 21:47:14.596908,0.275,0.005,40,neutral,False,0
2026-04-02 21:47:14.734555,0.261,0.006,40,neutral,False,0
2026-04-02 21:47:15.106734,0.267,0.086,40,neutral,False,0
2026-04-02 21:47:15.567026,0.132,0.003,40,neutral,False,25
2026-04-02 21:47:15.747675,0.119,0.003,40,neutral,False,25
2026-04-02 21:47:15.934712,0.139,0.004,40,neutral,False,25
2026-04-02 21:47:16.051986,0.119,0.009,40,neutral,False,25
2026-04-02 21:47:16.237917,0.118,0.007,40,neutral,False,25
2026-04-02 21:47:16.585085,0.158,0.006,40,neutral,False,25
2026-04-02 21:47:17.045019,0.117,0.003,40,neutral,False,25
2026-04-02 21:47:17.205363,0.119,0.004,40,neutral,False,25
2026-04-02 21:47:17.425306,0.139,0.006,40,neutral,False,25
2026-04-02 21:47:17.596504,0.127,0.004,40,neutral,False,25
2026-04-02 21:47:17.719089,0.119,0.034,40,neutral,False,25
2026-04-02 21:47:18.115919,0.096,0.002,40,neutral,False,25
2026-04-02 21:47:18.616456,0.156,0.002,40,neutral,False,25
2026-04-02 21:47:18.773764,0.264,0.003,40,neutral,False,0
2026-04-02 21:47:18.896863,0.272,0.011,40,neutral,False,0
2026-04-02 21:47:19.056241,0.28,0.008,40,neutral,False,0
2026-04-02 21:47:19.215997,0.263,0.005,0,neutral,False,0
2026-04-02 21:47:19.562207,0.263,0.009,40,neutral,False,0
2026-04-02 21:47:19.933745,0.245,0.002,0,neutral,False,0
2026-04-02 21:47:20.105449,0.251,0.007,40,neutral,False,0
2026-04-02 21:47:20.308573,0.244,0.006,40,neutral,False,0
2026-04-02 21:47:20.454321,0.233,0.008,40,neutral,False,0
2026-04-02 21:47:20.613747,0.217,0.003,40,neutral,False,0
2026-04-02 21:47:20.999975,0.226,0.006,40,neutral,False,0
2026-04-02 21:47:21.419438,0.237,0.005,40,neutral,False,0
2026-04-02 21:47:21.535024,0.243,0.006,0,neutral,False,0
2026-04-02 21:47:21.694111,0.258,0.004,0,neutral,False,0
2026-04-02 21:47:21.872253,0.257,0.003,40,neutral,False,0
2026-04-02 21:47:22.276437,0.272,0.003,40,neutral,False,0
2026-04-02 21:47:22.599852,0.274,0.005,40,neutral,False,0
2026-04-02 21:47:22.992870,0.345,0.006,40,neutral,False,0
2026-04-02 21:47:23.242207,0.364,0.004,40,neutral,False,0
2026-04-02 21:47:23.446201,0.345,0.002,40,neutral,False,0
2026-04-02 21:47:23.553466,0.364,0.004,40,neutral,False,0
2026-04-02 21:47:23.700606,0.365,0.003,40,neutral,False,0
2026-04-02 21:47:24.109274,0.355,0.0,40,neutral,False,0
2026-04-02 21:47:24.370323,0.362,0.024,40,neutral,False,0
2026-04-02 21:47:24.571477,0.361,0.006,40,neutral,False,0
2026-04-02 21:47:24.734454,0.365,0.004,40,neutral,False,0
2026-04-02 21:47:24.841305,0.358,0.004,40,neutral,False,0
2026-04-02 21:47:25.018832,0.371,0.003,40,neutral,False,0
2026-04-02 21:47:25.362267,0.331,0.018,40,neutral,False,0
2026-04-02 21:47:26.001960,0.271,0.016,40,neutral,False,0
2026-04-02 21:47:26.120666,0.277,0.003,40,neutral,False,0
2026-04-02 21:47:26.275459,0.29,0.005,40,neutral,False,0
2026-04-02 21:47:26.522143,0.273,0.362,40,neutral,False,0
2026-04-02 21:47:26.633179,0.292,0.48,40,neutral,False,0
2026-04-02 21:47:26.970147,0.34,0.492,40,neutral,False,0
2026-04-02 21:47:27.356397,0.36,0.504,40,neutral,False,0
2026-04-02 21:47:27.508967,0.365,0.512,40,neutral,False,0
2026-04-02 21:47:27.681021,0.346,0.519,40,neutral,False,0
2026-04-02 21:47:27.843782,0.284,0.512,0,neutral,False,0
2026-04-02 21:47:28.017643,0.331,0.416,40,neutral,False,0
2026-04-02 21:47:28.442248,0.325,0.384,40,neutral,False,0
2026-04-02 21:47:28.791460,0.335,0.436,40,neutral,False,0
2026-04-02 21:47:29.010973,0.301,0.475,40,neutral,False,0
2026-04-02 21:47:29.217336,0.314,0.376,40,neutral,False,0
2026-04-02 21:47:29.517026,0.352,0.283,40,neutral,False,0
2026-04-02 21:47:29.646078,0.342,0.333,40,neutral,False,0
2026-04-02 21:47:30.073727,0.35,0.284,0,neutral,False,0
2026-04-02 21:47:30.367386,0.347,0.233,40,neutral,False,0
2026-04-02 21:47:30.527068,0.328,0.162,0,neutral,False,0
2026-04-02 21:47:30.942287,0.274,0.444,40,neutral,False,0
2026-04-02 21:47:31.104417,0.249,0.682,60,neutral,False,15
2026-04-02 21:47:31.223088,0.245,0.701,60,neutral,False,15
2026-04-02 21:47:31.812035,0.206,0.714,60,neutral,False,15
2026-04-02 21:47:32.160600,0.202,0.778,60,angry,False,15
2026-04-02 21:47:32.320181,0.184,0.567,40,angry,False,25
2026-04-02 21:47:32.475250,0.194,0.57,40,angry,False,0
2026-04-02 21:47:32.653721,0.185,0.541,40,angry,False,25
2026-04-02 21:47:32.807888,0.201,0.409,40,angry,False,0
2026-04-02 21:47:33.355455,0.215,0.222,40,angry,False,0
2026-04-02 21:47:33.763793,0.251,0.003,40,neutral,False,0
2026-04-02 21:47:33.916046,0.268,0.004,40,neutral,False,0
2026-04-02 21:47:34.065830,0.263,0.005,40,neutral,False,0
2026-04-02 21:47:34.350274,0.26,0.003,0,neutral,False,0
2026-04-02 21:47:34.544575,0.165,0.003,40,neutral,False,25
2026-04-02 21:47:34.924268,0.314,0.026,0,neutral,False,0
2026-04-02 21:47:35.328112,0.519,0.017,0,neutral,False,0
2026-04-02 21:47:35.639015,0.34,0.01,40,neutral,False,0
2026-04-02 21:47:35.775974,0.276,0.02,40,neutral,False,0
2026-04-02 21:47:35.956859,0.259,0.004,40,neutral,False,0
2026-04-02 21:47:36.345513,0.28,0.003,40,neutral,False,0
2026-04-02 21:47:36.750961,0.294,0.007,40,neutral,False,0
2026-04-02 21:47:37.059898,0.264,0.006,40,neutral,False,0
2026-04-02 21:47:37.255919,0.255,0.008,40,neutral,False,0
2026-04-02 21:47:37.381022,0.248,0.023,0,neutral,False,0
2026-04-02 21:47:37.540859,0.271,0.014,40,neutral,False,0
2026-04-02 21:47:37.721498,0.27,0.032,40,neutral,False,0
2026-04-02 21:47:38.266464,0.268,0.01,40,neutral,True,20
2026-04-02 21:47:38.642230,0.284,0.032,40,fear,True,20
2026-04-02 21:47:38.927317,0.284,0.01,40,fear,True,20
2026-04-02 21:47:39.131739,0.286,0.009,40,fear,True,20
2026-04-02 21:47:39.253582,0.287,0.001,40,fear,True,20
2026-04-02 21:47:39.474957,0.278,0.005,40,fear,True,20
2026-04-02 21:47:39.790766,0.278,0.012,40,fear,True,20
2026-04-02 21:47:40.112576,0.267,0.099,40,fear,True,20
2026-04-02 21:47:40.365113,0.288,0.055,40,fear,True,20
2026-04-02 21:47:40.488674,0.286,0.035,0,fear,True,20
2026-04-02 21:47:40.654263,0.287,0.007,40,fear,True,20
2026-04-02 21:47:40.836267,0.294,0.016,40,fear,True,20
2026-04-02 21:47:41.250714,0.283,0.005,40,fear,False,0
2026-04-02 21:47:41.675969,0.281,0.007,40,fear,False,0
2026-04-02 21:47:41.822591,0.29,0.016,40,fear,False,0
2026-04-02 21:47:42.159048,0.265,0.036,40,fear,False,0
2026-04-02 21:47:42.274696,0.284,0.007,40,fear,False,0
2026-04-02 21:47:42.395929,0.274,0.01,40,fear,False,0
2026-04-02 21:47:42.804356,0.289,0.02,40,fear,False,0
2026-04-02 21:47:43.157115,0.299,0.008,40,fear,False,0
2026-04-02 21:47:43.295318,0.292,0.018,40,fear,False,0
2026-04-02 21:47:43.470255,0.271,0.006,40,fear,False,0
2026-04-02 21:47:43.673390,0.28,0.019,40,fear,False,0
2026-04-02 21:47:43.816396,0.226,0.004,40,fear,False,0
2026-04-02 21:47:44.192626,0.274,0.001,0,fear,False,0
2026-04-02 21:47:44.461956,0.292,0.005,40,fear,False,0
2026-04-02 21:47:44.651069,0.285,0.004,40,fear,False,0
2026-04-02 21:47:45.033473,0.289,0.005,40,fear,False,0
2026-04-02 21:47:45.151909,0.286,0.003,40,fear,False,0
2026-04-02 21:47:45.338204,0.29,0.001,40,fear,False,0
2026-04-02 21:47:45.712637,0.279,0.012,0,fear,True,20
2026-04-02 21:47:46.095815,0.279,0.002,0,neutral,True,20
2026-04-02 21:47:46.218706,0.296,0.006,0,neutral,True,20
2026-04-02 21:47:46.391248,0.297,0.002,40,neutral,True,20
2026-04-02 21:47:46.555495,0.282,0.003,40,neutral,True,20
2026-04-02 21:47:46.842856,0.293,0.015,0,neutral,True,20
2026-04-02 21:47:47.199653,0.302,0.009,40,neutral,False,0
2026-04-02 21:47:47.934166,0.304,0.004,40,neutral,False,0
2026-04-02 21:47:48.138903,0.279,0.009,40,neutral,False,0
2026-04-02 21:47:48.332672,0.3,0.001,40,neutral,False,0
2026-04-02 21:47:48.461320,0.156,0.03,40,neutral,False,25
2026-04-02 21:47:48.838523,0.273,0.017,0,neutral,False,0
2026-04-02 21:47:49.215975,0.278,0.001,40,neutral,False,0
2026-04-02 21:47:49.594416,0.247,0.003,40,neutral,False,0
2026-04-02 21:47:49.741105,0.266,0.006,40,neutral,False,0
2026-04-02 21:47:50.031431,0.263,0.002,40,neutral,False,0
2026-04-02 21:47:50.204917,0.259,0.007,40,neutral,False,0
2026-04-02 21:47:50.328922,0.264,0.004,40,neutral,False,0
2026-04-02 21:47:50.665713,0.275,0.004,40,neutral,False,0
2026-04-02 21:47:50.975113,0.241,0.003,40,neutral,False,0
2026-04-02 21:47:51.138228,0.209,0.002,40,neutral,False,0
2026-04-02 21:47:51.267766,0.227,0.003,40,neutral,False,0
2026-04-02 21:47:51.456831,0.247,0.012,40,neutral,False,0
2026-04-02 21:47:51.787272,0.271,0.003,40,neutral,False,0
2026-04-02 21:47:52.135466,0.233,0.001,40,neutral,False,0
2026-04-02 21:47:54.863204,0.131,0.008,40,angry,False,25
2026-04-02 21:47:55.009882,0.2,0.004,0,angry,False,0
2026-04-02 21:47:55.219708,0.187,0.002,40,angry,False,25
2026-04-02 21:47:55.346387,0.243,0.006,0,angry,False,0
2026-04-02 21:47:55.501778,0.264,0.013,40,angry,False,0
2026-04-02 21:47:55.877669,0.291,0.002,0,angry,False,0
2026-04-02 21:47:56.399475,0.286,0.031,0,sad,False,0
2026-04-02 21:47:56.558679,0.286,0.034,40,sad,False,0
2026-04-02 21:47:56.715883,0.298,0.002,40,sad,False,0
2026-04-02 21:47:56.952003,0.297,0.001,40,sad,False,0
2026-04-02 21:47:57.207896,0.294,0.019,40,sad,False,0
2026-04-02 21:47:57.638589,0.283,0.012,40,sad,False,0
2026-04-02 21:47:57.996118,0.277,0.005,40,neutral,False,0
2026-04-02 21:47:58.116971,0.248,0.06,40,neutral,False,0
2026-04-02 21:47:58.283436,0.229,0.006,40,neutral,False,0
2026-04-02 21:47:58.572322,0.244,0.005,40,neutral,False,0
2026-04-02 21:47:58.740857,0.232,0.016,40,neutral,False,0
2026-04-02 21:47:59.121452,0.217,0.004,40,neutral,False,0
2026-04-02 21:47:59.382657,0.215,0.006,40,neutral,False,0
2026-04-02 21:47:59.529443,0.221,0.003,40,neutral,False,0
2026-04-02 21:47:59.671344,0.197,0.004,40,neutral,False,0
2026-04-02 21:47:59.854166,0.215,0.002,0,neutral,False,0
2026-04-02 21:48:00.004423,0.222,0.001,0,neutral,False,0
2026-04-02 21:48:00.428571,0.182,0.058,40,neutral,False,25
2026-04-02 21:48:00.744248,0.202,0.008,40,neutral,False,0
2026-04-02 21:48:00.925481,0.201,0.049,40,neutral,False,0
2026-04-02 21:48:01.117702,0.196,0.006,40,neutral,False,0
2026-04-02 21:48:01.246194,0.189,0.001,40,neutral,False,0
2026-04-02 21:48:01.428414,0.211,0.009,40,neutral,False,0
2026-04-02 21:48:01.784736,0.194,0.002,0,neutral,False,0
2026-04-02 21:48:02.169437,0.172,0.005,40,neutral,False,25
2026-04-02 21:48:02.309119,0.201,0.008,0,neutral,False,0
2026-04-02 21:48:02.540783,0.204,0.003,0,neutral,False,0
2026-04-02 21:48:02.695547,0.206,0.008,40,neutral,False,0
2026-04-02 21:48:02.810635,0.223,0.0,40,neutral,False,0
2026-04-02 21:48:03.202822,0.243,0.005,40,neutral,False,0
2026-04-02 21:48:03.540846,0.259,0.001,40,neutral,False,0
2026-04-02 21:48:03.917841,0.32,0.005,0,neutral,False,0
2026-04-02 21:48:04.061198,0.299,0.01,40,neutral,False,0
2026-04-02 21:48:04.235869,0.273,0.06,0,neutral,False,0
2026-04-02 21:48:04.449484,0.29,0.039,0,neutral,False,0
2026-04-02 21:48:04.868457,0.283,0.009,0,neutral,False,0
2026-04-02 21:48:05.215687,0.282,0.009,0,neutral,False,0
2026-04-02 21:48:05.348695,0.279,0.04,0,neutral,False,0
2026-04-02 21:48:05.504677,0.286,0.01,40,neutral,False,0
2026-04-02 21:48:05.755933,0.29,0.064,40,neutral,False,0
2026-04-02 21:48:05.977925,0.295,0.002,40,neutral,False,0
2026-04-02 21:48:06.349201,0.282,0.004,40,neutral,False,0
2026-04-02 21:48:06.978516,0.262,0.266,40,neutral,False,0
2026-04-02 21:48:07.140096,0.271,0.21,0,neutral,False,0
2026-04-02 21:48:07.321158,0.257,0.188,40,neutral,False,0
2026-04-02 21:48:07.546844,0.256,0.144,40,neutral,False,0
2026-04-02 21:48:07.746906,0.268,0.104,40,neutral,False,0
2026-04-02 21:48:08.239051,0.275,0.029,40,neutral,False,0
2026-04-02 21:48:08.671,0.26,0.004,40,neutral,False,0
2026-04-02 21:48:08.841394,0.25,0.005,40,neutral,False,0
2026-04-02 21:48:09.077436,0.271,0.006,40,neutral,False,0
2026-04-02 21:48:09.264375,0.263,0.002,40,neutral,False,0
2026-04-02 21:48:09.440517,0.281,0.009,0,neutral,False,0
2026-04-02 21:48:09.850640,0.281,0.002,0,neutral,False,0
2026-04-02 21:48:10.276254,0.213,0.005,40,neutral,False,0
2026-04-02 21:48:10.445789,0.182,0.004,40,neutral,False,25
2026-04-02 21:48:10.625798,0.172,0.008,40,neutral,False,25
2026-04-02 21:48:10.760980,0.154,0.005,40,neutral,False,25
2026-04-02 21:48:10.934783,0.254,0.005,0,neutral,False,0
2026-04-02 21:48:11.357235,0.263,0.007,40,neutral,False,0
2026-04-02 21:48:11.695427,0.283,0.008,40,neutral,False,0
2026-04-02 21:48:11.835900,0.284,0.008,40,neutral,False,0
2026-04-02 21:48:11.993627,0.269,0.005,40,neutral,False,0
2026-04-02 22:01:15.910777,0.265,0.022,0,fear,False,0
2026-04-02 22:01:16.047769,0.266,0.008,0,fear,False,0
2026-04-02 22:01:16.174798,0.245,0.003,0,fear,False,0
2026-04-02 22:01:16.374805,0.256,0.004,0,fear,False,0
2026-04-02 22:01:16.514023,0.242,0.005,0,fear,False,0
2026-04-02 22:01:17.322185,0.236,0.011,40,fear,False,0
2026-04-02 22:01:17.807084,0.247,0.003,40,neutral,False,0
2026-04-02 22:01:18.024495,0.255,0.005,40,neutral,False,0
2026-04-02 22:01:18.334660,0.256,0.008,40,neutral,False,0
2026-04-02 22:01:18.526814,0.267,0.016,40,neutral,False,0
2026-04-02 22:01:18.735544,0.263,0.004,0,neutral,False,0
2026-04-02 22:01:19.212113,0.254,0.008,40,neutral,False,0
2026-04-02 22:01:19.979790,0.264,0.003,40,neutral,False,0
2026-04-02 22:01:20.128139,0.235,0.004,40,neutral,False,0
2026-04-02 22:01:20.350074,0.245,0.01,40,neutral,False,0
2026-04-02 22:01:20.508327,0.239,0.005,40,neutral,False,0
2026-04-02 22:01:20.801153,0.27,0.04,0,neutral,False,0
2026-04-02 22:01:21.361608,0.262,0.004,0,neutral,False,0
2026-04-02 22:01:21.785838,0.286,0.001,0,neutral,False,0
2026-04-02 22:01:21.975298,0.259,0.004,0,neutral,False,0
2026-04-02 22:01:22.163219,0.255,0.005,0,neutral,False,0
2026-04-02 22:01:22.411914,0.263,0.006,0,neutral,False,0
2026-04-02 22:01:22.726379,0.283,0.013,0,neutral,False,0
2026-04-02 22:01:23.170622,0.279,0.002,0,neutral,False,0
2026-04-02 22:01:23.821889,0.29,0.003,40,neutral,False,0
2026-04-02 22:01:23.959362,0.285,0.008,40,neutral,False,0
2026-04-02 22:01:24.116362,0.269,0.012,0,neutral,False,0
2026-04-02 22:01:24.276374,0.282,0.005,0,neutral,False,0
2026-04-02 22:01:24.474457,0.284,0.002,0,neutral,False,0
2026-04-02 22:01:24.894335,0.278,0.002,0,neutral,False,0
2026-04-02 22:01:25.300529,0.271,0.004,40,neutral,False,0
2026-04-02 22:01:25.440080,0.268,0.002,0,neutral,False,0
2026-04-02 22:01:25.625866,0.28,0.005,0,neutral,False,0
2026-04-02 22:01:25.771240,0.282,0.003,0,neutral,False,0
2026-04-02 22:01:25.976646,0.272,0.006,40,neutral,False,0
2026-04-02 22:01:26.379693,0.288,0.005,40,neutral,False,0
2026-04-02 22:01:26.838275,0.281,0.002,40,neutral,False,0
2026-04-02 22:01:27.074992,0.278,0.003,0,neutral,False,0
2026-04-02 22:01:27.247387,0.059,0.004,40,neutral,False,25
2026-04-02 22:01:27.474566,0.038,0.003,40,neutral,False,25
2026-04-02 22:01:27.635134,0.083,0.004,40,neutral,False,25
2026-04-02 22:01:28.056103,0.06,0.003,40,neutral,False,25
2026-04-02 22:01:28.556453,0.044,0.005,40,neutral,False,25
2026-04-02 22:01:28.742271,0.045,0.002,40,neutral,False,25
2026-04-02 22:01:28.919362,0.07,0.004,40,neutral,False,25
2026-04-02 22:01:29.081368,0.06,0.001,40,neutral,False,25
2026-04-02 22:01:29.248797,0.062,0.002,40,neutral,False,25
2026-04-02 22:01:29.689571,0.089,0.005,40,neutral,False,25
2026-04-02 22:01:30.287790,0.269,0.002,0,neutral,False,0
2026-04-02 22:01:30.455143,0.275,0.006,0,neutral,False,0
2026-04-02 22:01:30.635488,0.282,0.004,0,neutral,False,0
2026-04-02 22:01:30.795406,0.276,0.005,0,neutral,False,0
2026-04-02 22:01:30.982126,0.091,0.001,40,neutral,False,25
2026-04-02 22:01:31.380368,0.257,0.001,0,neutral,False,0
2026-04-02 22:01:31.889584,0.377,0.09,40,neutral,False,0
2026-04-02 22:01:32.054674,0.241,0.103,0,neutral,False,0
2026-04-02 22:01:32.187269,0.209,0.075,0,neutral,False,0
2026-04-02 22:01:32.397040,0.315,0.056,40,neutral,False,0
2026-04-02 22:01:32.548325,0.291,0.005,0,neutral,False,0
2026-04-02 22:01:33.003076,0.241,0.071,0,neutral,False,0
2026-04-02 22:01:33.405141,0.297,0.008,0,neutral,False,0
2026-04-02 22:01:33.562533,0.287,0.006,0,neutral,False,0
2026-04-02 22:01:33.696458,0.282,0.007,40,neutral,False,0
2026-04-02 22:01:33.899896,0.274,0.021,0,neutral,False,0
2026-04-02 22:01:34.053309,0.265,0.003,40,neutral,False,0
2026-04-02 22:01:34.489096,0.278,0.006,0,neutral,False,0
2026-04-02 22:01:34.900819,0.28,0.005,0,neutral,False,0
2026-04-02 22:01:35.052289,0.284,0.004,0,neutral,False,0
2026-04-02 22:01:35.198927,0.295,0.003,0,neutral,False,0
2026-04-02 22:01:35.391517,0.294,0.004,0,neutral,False,0
2026-04-02 22:01:35.543812,0.303,0.005,40,neutral,False,0
2026-04-02 22:01:35.969103,0.295,0.004,0,neutral,False,0
2026-04-02 22:01:36.564537,0.292,0.003,0,neutral,False,0
2026-04-02 22:01:36.783991,0.293,0.003,0,neutral,False,0
2026-04-02 22:01:36.946638,0.308,0.003,0,neutral,False,0
2026-04-02 22:01:37.096158,0.3,0.004,0,neutral,False,0
2026-04-02 22:01:37.232645,0.308,0.002,0,neutral,False,0
2026-04-02 22:01:37.683491,0.313,0.004,0,neutral,True,20
2026-04-02 22:01:38.158629,0.295,0.002,0,neutral,True,20
2026-04-02 22:01:38.339258,0.297,0.003,0,neutral,True,20
2026-04-02 22:01:38.517401,0.302,0.003,0,neutral,True,20
2026-04-02 22:01:38.708134,0.285,0.006,0,neutral,True,20
2026-04-02 22:01:38.912267,0.281,0.004,0,neutral,True,20
2026-04-02 22:01:39.386381,0.14,0.007,40,neutral,False,25
2026-04-02 22:01:39.907850,0.335,0.109,0,sad,False,0
2026-04-02 22:01:40.105553,0.328,0.009,40,sad,False,0
2026-04-02 22:01:40.271009,0.314,0.007,40,sad,False,0
2026-04-02 22:01:40.430291,0.317,0.005,0,sad,False,0
2026-04-02 22:01:40.591686,0.323,0.01,0,sad,False,0
2026-04-02 22:01:41.051045,0.312,0.002,40,sad,False,0
2026-04-02 22:01:41.511864,0.197,0.017,0,happy,False,0
2026-04-02 22:01:41.683080,0.202,0.006,0,happy,False,0
2026-04-02 22:01:41.878202,0.255,0.003,40,happy,False,0
2026-04-02 22:01:42.064210,0.278,0.001,40,happy,False,0
2026-04-02 22:01:42.279159,0.235,0.002,0,happy,False,0
2026-04-02 22:01:42.747309,0.244,0.008,40,happy,False,0
2026-04-02 22:01:43.638422,0.262,0.004,40,neutral,False,0
2026-04-02 22:01:43.906187,0.253,0.007,0,neutral,False,0
2026-04-02 22:01:44.068438,0.239,0.007,40,neutral,False,0
2026-04-02 22:01:44.217502,0.247,0.013,40,neutral,False,0
2026-04-02 22:01:44.361351,0.279,0.01,40,neutral,False,0
2026-04-02 22:01:44.747042,0.282,0.139,0,neutral,False,0
2026-04-02 22:01:45.206575,0.249,0.027,40,neutral,False,0
2026-04-02 22:01:45.353417,0.249,0.027,0,neutral,False,0
2026-04-02 22:01:45.545056,0.267,0.007,40,neutral,False,0
2026-04-02 22:01:45.716923,0.271,0.093,40,neutral,False,0
2026-04-02 22:01:45.851104,0.276,0.009,40,neutral,False,0
2026-04-02 22:01:46.237072,0.275,0.01,40,neutral,False,0
2026-04-02 22:01:46.713110,0.285,0.01,40,neutral,False,0
2026-04-02 22:01:46.887767,0.266,0.007,40,neutral,False,0
2026-04-02 22:01:47.021363,0.28,0.005,40,neutral,False,0
2026-04-02 22:01:47.235653,0.269,0.003,40,neutral,False,0
2026-04-02 22:01:47.399163,0.244,0.007,40,neutral,False,0
2026-04-02 22:01:47.922629,0.259,0.017,40,neutral,False,0
2026-04-02 22:01:48.338911,0.27,0.024,40,neutral,False,0
2026-04-02 22:01:48.482953,0.263,0.008,40,neutral,False,0
2026-04-02 22:01:48.646563,0.275,0.013,40,neutral,False,0
2026-04-02 22:01:48.829851,0.282,0.01,40,neutral,False,0
2026-04-02 22:01:48.971461,0.287,0.017,40,neutral,False,0
2026-04-02 22:01:49.474401,0.272,0.007,40,neutral,False,0
2026-04-02 22:01:50.170109,0.209,0.003,0,neutral,False,0
2026-04-02 22:47:14.732881,0.252,0.003,0,sad,False,0
2026-04-02 22:47:15.005700,0.244,0.133,0,sad,False,0
2026-04-02 22:47:15.246375,0.246,0.002,0,sad,False,0
2026-04-02 22:47:15.462946,0.238,0.004,0,sad,False,0
2026-04-02 22:47:15.680389,0.237,0.005,0,sad,False,0
2026-04-02 22:47:16.402272,0.24,0.004,40,sad,False,0
2026-04-02 22:47:16.947224,0.253,0.003,40,neutral,False,0
2026-04-02 22:47:17.172168,0.251,0.001,0,neutral,False,0
2026-04-02 22:47:17.351262,0.258,0.003,40,neutral,False,0
2026-04-02 22:47:17.613526,0.246,0.001,40,neutral,False,0
2026-04-02 22:47:17.864358,0.234,0.002,40,neutral,False,0
2026-04-02 22:47:18.497204,0.252,0.008,40,neutral,False,0
2026-04-02 22:47:19.265066,0.251,0.004,40,neutral,False,0
2026-04-02 22:47:19.489366,0.246,0.002,40,neutral,False,0
2026-04-02 22:47:19.875037,0.283,0.002,0,neutral,False,0
2026-04-02 22:47:20.144175,0.248,0.005,40,neutral,False,0
2026-04-02 22:47:20.432589,0.242,0.003,40,neutral,False,0
2026-04-02 22:47:21.017233,0.241,0.003,40,neutral,False,0
2026-04-02 22:47:21.702497,0.246,0.002,40,neutral,False,0
2026-04-02 22:47:21.865198,0.251,0.004,0,neutral,False,0
2026-04-02 22:47:22.076822,0.265,0.004,40,neutral,False,0
2026-04-02 22:47:22.257164,0.282,0.003,0,neutral,False,0
2026-04-02 22:47:22.431274,0.266,0.004,40,neutral,False,0
2026-04-02 22:47:22.997337,0.284,0.001,40,neutral,False,0
2026-04-02 22:47:23.824826,0.253,0.005,0,neutral,False,0
2026-04-02 22:47:23.998828,0.27,0.006,0,neutral,False,0
2026-04-02 22:47:24.170191,0.283,0.002,40,neutral,False,0
2026-04-02 22:47:24.332333,0.267,0.004,0,neutral,False,0
2026-04-02 22:47:24.489925,0.264,0.002,40,neutral,False,0
2026-04-02 22:47:24.940528,0.264,0.003,0,neutral,False,0
2026-04-02 22:47:25.426889,0.276,0.002,40,neutral,False,0
2026-04-02 22:47:25.592408,0.152,0.002,40,neutral,False,25
2026-04-02 22:47:25.744110,0.083,0.002,40,neutral,False,25
2026-04-02 22:47:25.940816,0.061,0.001,40,neutral,False,25
2026-04-02 22:47:26.124086,0.069,0.003,40,neutral,False,25
2026-04-02 22:47:26.644906,0.068,0.004,40,neutral,False,25
2026-04-02 22:47:27.350097,0.051,0.003,40,neutral,False,25
2026-04-02 22:47:27.574225,0.101,0.003,40,neutral,False,25
2026-04-02 22:47:27.974599,0.075,0.004,40,neutral,False,25
2026-04-02 22:47:28.271094,0.255,0.002,0,neutral,False,0
2026-04-02 22:47:28.689532,0.274,0.003,0,neutral,False,0
2026-04-02 22:47:29.433646,0.297,0.006,20,neutral,False,20
2026-04-02 22:47:30.023567,0.216,0.091,20,neutral,False,20
2026-04-02 22:47:30.237347,0.197,0.109,20,neutral,False,20
2026-04-02 22:47:30.460594,0.195,0.09,60,neutral,False,20
2026-04-02 22:47:30.711544,0.193,0.059,60,neutral,False,20
2026-04-02 22:47:30.931259,0.188,0.073,20,neutral,False,20
2026-04-02 22:47:31.681158,0.248,0.011,20,neutral,False,20
2026-04-02 22:47:32.568231,0.259,0.005,0,neutral,False,0
2026-04-02 22:47:32.779866,0.171,0.002,40,neutral,False,25
2026-04-02 22:47:32.971091,0.247,0.001,0,neutral,False,0
2026-04-02 22:47:33.183336,0.249,0.002,0,neutral,False,0
2026-04-02 22:47:33.371700,0.262,0.006,40,neutral,False,0
2026-04-02 22:47:33.875995,0.251,0.003,40,neutral,False,0
2026-04-02 22:47:34.389191,0.274,0.001,40,neutral,False,0
2026-04-02 22:47:34.593427,0.274,0.002,0,neutral,False,0
2026-04-02 22:47:34.796347,0.266,0.001,0,neutral,False,0
2026-04-02 22:47:34.995552,0.264,0.001,40,neutral,False,0
2026-04-02 22:47:35.147131,0.257,0.003,40,neutral,False,0
2026-04-02 22:47:35.736673,0.261,0.001,40,neutral,False,0
2026-04-02 22:47:36.295301,0.249,0.008,0,neutral,False,0
2026-04-02 22:47:36.565924,0.256,0.005,0,neutral,False,0
2026-04-02 22:47:36.775466,0.259,0.009,0,neutral,False,0
2026-04-02 22:47:37.012083,0.261,0.011,40,neutral,False,0
2026-04-02 22:47:37.196165,0.27,0.022,0,neutral,False,0
2026-04-02 22:47:37.743348,0.264,0.021,0,neutral,False,0
2026-04-02 22:47:38.330453,0.227,0.013,0,neutral,False,0
2026-04-02 22:47:38.551111,0.253,0.116,40,neutral,False,0
2026-04-02 22:47:38.730248,0.256,0.007,0,neutral,False,0
2026-04-02 22:47:38.933225,0.257,0.041,0,neutral,False,0
2026-04-02 22:47:39.169978,0.251,0.031,0,neutral,False,0
2026-04-02 22:47:39.663473,0.267,0.011,40,neutral,False,0
2026-04-02 22:47:40.487001,0.263,0.009,0,neutral,False,0
2026-04-02 22:47:40.772733,0.275,0.007,0,neutral,False,0
2026-04-02 22:47:40.992549,0.274,0.016,40,neutral,False,0
2026-04-02 22:47:41.223915,0.273,0.006,0,neutral,False,0
2026-04-02 22:47:41.408915,0.28,0.01,0,neutral,False,0
2026-04-02 22:47:41.943952,0.268,0.01,0,neutral,False,0
2026-04-02 22:47:42.493434,0.285,0.017,40,neutral,False,0
2026-04-02 22:47:42.683175,0.297,0.007,0,neutral,False,0
2026-04-02 22:47:42.921398,0.296,0.022,0,neutral,False,0
2026-04-02 22:47:43.125046,0.291,0.018,0,neutral,False,0
2026-04-02 22:47:43.317612,0.247,0.025,0,neutral,False,0
2026-04-02 22:47:43.818501,0.277,0.003,0,neutral,False,0
2026-04-02 22:47:44.381981,0.299,0.002,40,neutral,False,0
2026-04-02 22:47:44.559884,0.308,0.003,0,neutral,False,0
2026-04-02 22:47:44.729097,0.31,0.003,40,neutral,False,0
2026-04-02 22:47:44.892141,0.311,0.005,0,neutral,False,0
2026-04-02 22:47:45.072289,0.283,0.033,0,neutral,False,0
2026-04-02 22:47:45.570948,0.257,0.002,0,neutral,False,0
2026-04-02 22:47:46.080150,0.292,0.001,0,neutral,False,0
2026-04-02 22:47:46.353159,0.29,0.001,0,neutral,False,0
2026-04-02 22:47:46.515517,0.302,0.003,0,neutral,False,0
2026-04-02 22:47:46.681152,0.29,0.001,40,neutral,False,0
2026-04-02 22:47:46.871074,0.274,0.007,0,neutral,False,0
2026-04-02 22:47:47.624207,0.281,0.003,0,neutral,False,0
2026-04-02 22:47:48.346713,0.289,0.002,0,neutral,False,0
2026-04-02 22:47:48.546313,0.299,0.003,40,neutral,False,0
2026-04-02 22:47:48.719203,0.285,0.006,0,neutral,False,0
2026-04-02 22:47:48.880739,0.3,0.004,0,neutral,False,0
2026-04-02 22:47:49.032301,0.286,0.01,0,neutral,False,0
2026-04-02 22:47:49.521017,0.29,0.004,0,neutral,False,0
2026-04-02 22:47:50.023348,0.296,0.003,0,neutral,False,0
2026-04-02 22:47:50.232618,0.286,0.005,40,neutral,False,0
2026-04-02 22:47:50.435429,0.305,0.002,0,neutral,False,0
2026-04-02 22:47:50.617638,0.292,0.004,0,neutral,False,0
2026-04-02 22:47:50.867828,0.292,0.002,0,neutral,False,0
2026-04-02 22:47:51.286233,0.304,0.003,40,neutral,False,0
2026-04-02 22:47:51.755316,0.276,0.003,0,neutral,False,0
2026-04-02 22:47:51.928483,0.257,0.002,0,neutral,False,0
2026-04-02 22:47:52.130810,0.28,0.042,40,neutral,False,0
2026-04-02 22:47:52.346889,0.306,0.142,20,neutral,False,20
2026-04-02 22:47:52.577374,0.33,0.002,40,neutral,False,0
2026-04-02 22:47:53.056934,0.315,0.005,0,neutral,True,20
2026-04-02 22:47:53.617089,0.299,0.003,40,sad,True,20
2026-04-02 22:47:53.785489,0.319,0.005,0,sad,True,20
2026-04-02 22:47:53.953459,0.309,0.009,0,sad,True,20
2026-04-02 22:47:54.129438,0.289,0.002,0,sad,True,20
2026-04-02 22:47:54.305523,0.247,0.001,0,sad,True,20
2026-04-02 22:47:54.809411,0.27,0.004,0,sad,False,0
2026-04-02 22:47:55.398324,0.29,0.003,40,neutral,False,0
2026-04-02 22:47:55.609949,0.291,0.001,0,neutral,False,0
2026-04-02 22:47:55.848535,0.297,0.001,0,neutral,False,0
2026-04-02 22:47:56.018534,0.292,0.002,40,neutral,False,0
2026-04-02 22:47:56.179576,0.297,0.001,40,neutral,False,0
2026-04-02 22:47:56.667370,0.293,0.003,0,neutral,True,20
2026-04-02 22:47:57.227620,0.289,0.003,40,neutral,True,20
2026-04-02 22:47:57.399806,0.288,0.005,40,neutral,True,20
2026-04-02 22:47:57.588613,0.294,0.001,40,neutral,True,20
2026-04-02 22:47:57.847703,0.289,0.003,40,neutral,True,20
2026-04-02 22:47:58.045639,0.125,0.001,40,neutral,True,45
2026-04-02 22:47:58.534575,0.25,0.004,0,neutral,False,0
2026-04-02 22:48:02.161412,0.116,0.001,40,neutral,False,25
2026-04-02 22:48:02.389377,0.207,0.003,40,neutral,False,0
2026-04-02 22:48:02.538320,0.275,0.003,0,neutral,False,0
2026-04-02 22:48:02.767147,0.251,0.003,0,neutral,False,0
2026-04-02 22:48:02.946542,0.235,0.005,0,neutral,False,0
2026-04-02 22:48:03.459838,0.246,0.008,0,neutral,False,0
2026-04-02 22:48:04.059466,0.282,0.005,0,neutral,False,0
2026-04-02 22:48:04.331051,0.272,0.004,0,neutral,False,0
2026-04-02 22:48:04.795458,0.291,0.01,40,neutral,False,0
2026-04-02 22:48:04.981911,0.282,0.004,40,neutral,False,0
2026-04-02 22:48:05.224061,0.285,0.003,0,neutral,False,0
2026-04-02 22:48:05.679152,0.288,0.003,0,neutral,False,0
2026-04-02 22:48:06.389888,0.299,0.002,0,neutral,False,0
2026-04-02 22:48:06.674051,0.283,0.002,40,neutral,False,0
2026-04-02 22:48:06.834765,0.288,0.003,0,neutral,False,0
2026-04-02 22:48:06.991454,0.289,0.006,40,neutral,False,0
2026-04-02 22:48:07.222284,0.289,0.002,40,neutral,False,0
2026-04-02 22:48:07.709840,0.284,0.002,0,neutral,False,0
2026-04-02 22:48:08.185239,0.309,0.002,0,fear,False,0
2026-04-02 22:48:08.451127,0.283,0.003,0,fear,False,0
2026-04-02 22:48:08.673295,0.219,0.015,0,fear,False,0
2026-04-02 22:48:08.860402,0.27,0.001,0,fear,False,0
2026-04-02 22:48:09.197037,0.281,0.001,0,fear,False,0
2026-04-02 22:48:09.828936,0.308,0.001,0,fear,True,20
2026-04-02 22:48:10.372883,0.299,0.004,0,neutral,True,20
2026-04-02 22:48:10.528679,0.29,0.001,0,neutral,True,20
2026-04-02 22:48:10.701148,0.3,0.0,0,neutral,True,20
2026-04-02 22:48:10.857107,0.306,0.003,0,neutral,True,20
2026-04-02 22:48:11.066320,0.303,0.02,0,neutral,True,20
2026-04-02 22:48:11.593462,0.289,0.015,0,neutral,True,20
2026-04-02 22:48:12.046227,0.303,0.004,0,neutral,True,20
2026-04-02 22:48:12.227402,0.297,0.003,0,neutral,True,20
2026-04-02 22:48:12.412626,0.294,0.003,40,neutral,True,20
2026-04-02 22:48:12.616161,0.26,0.004,0,neutral,True,20
2026-04-02 22:48:12.802280,0.277,0.005,0,neutral,True,20
2026-04-02 22:48:13.305222,0.283,0.006,0,neutral,False,0
2026-04-02 22:48:13.968683,0.107,0.001,40,neutral,False,25
2026-04-02 22:48:14.222255,0.098,0.002,40,neutral,False,25
2026-04-02 22:48:14.397296,0.123,0.005,40,neutral,False,25
2026-04-02 22:48:14.602999,0.091,0.001,40,neutral,False,25
2026-04-02 22:48:15.004655,0.112,0.003,40,neutral,False,25
2026-04-02 22:48:15.612360,0.157,0.002,40,neutral,False,25
2026-04-02 22:48:16.096212,0.196,0.0,40,neutral,False,0
2026-04-02 22:48:16.360268,0.195,0.003,0,neutral,False,0
2026-04-02 22:48:16.521143,0.248,0.003,0,neutral,False,0
2026-04-02 22:48:16.683727,0.243,0.003,0,neutral,False,0
2026-04-02 22:48:16.885399,0.261,0.004,40,neutral,False,0
2026-04-02 22:48:17.444234,0.248,0.003,40,neutral,False,0
2026-04-02 22:48:17.966359,0.201,0.002,0,neutral,False,0
2026-04-02 22:48:18.134420,0.196,0.001,40,neutral,False,0
2026-04-02 22:48:18.325482,0.227,0.003,0,neutral,False,0
2026-04-02 22:48:18.511730,0.34,0.002,40,neutral,False,0
2026-04-02 22:48:18.726867,0.365,0.004,0,neutral,False,0
2026-04-02 22:48:19.127594,0.373,0.005,0,neutral,False,0
2026-04-02 22:48:19.638728,0.377,0.004,40,neutral,False,0
2026-04-02 22:48:19.813471,0.376,0.003,0,neutral,False,0
2026-04-02 22:48:20.370919,0.366,0.002,40,neutral,False,0
2026-04-02 22:48:20.591322,0.359,0.004,0,neutral,False,0
2026-04-02 22:48:20.777379,0.299,0.016,0,neutral,False,0
2026-04-02 22:48:21.238332,0.267,0.005,0,neutral,False,0
2026-04-02 22:48:21.920424,0.277,0.003,0,neutral,False,0
2026-04-02 22:48:22.175491,0.291,0.001,0,neutral,False,0
2026-04-02 22:48:22.435137,0.296,0.003,40,neutral,False,0
2026-04-02 22:48:22.724459,0.299,0.003,0,neutral,False,0
2026-04-02 22:48:22.959397,0.271,0.002,0,neutral,False,0
2026-04-02 22:48:23.469093,0.283,0.001,0,neutral,False,0
2026-04-02 22:48:23.969834,0.287,0.002,0,angry,False,0
2026-04-02 22:48:24.146286,0.298,0.005,0,angry,False,0
2026-04-02 22:48:24.416637,0.294,0.002,0,angry,False,0
2026-04-02 22:48:24.668339,0.201,0.002,0,angry,False,0
2026-04-02 22:48:24.875176,0.248,0.001,40,angry,False,0
2026-04-02 22:48:25.507578,0.159,0.003,40,angry,False,25
2026-04-02 22:48:26.117809,0.267,0.002,40,neutral,False,0
2026-04-02 22:48:26.353157,0.267,0.006,0,neutral,False,0
2026-04-02 22:48:26.584405,0.26,0.001,40,neutral,False,0
2026-04-02 22:48:26.787800,0.236,0.003,0,neutral,False,0
2026-04-02 22:48:26.975086,0.245,0.003,40,neutral,False,0
2026-04-02 22:48:27.554450,0.262,0.003,0,neutral,False,0
2026-04-02 22:48:28.184661,0.302,0.006,0,neutral,False,0
2026-04-02 22:48:28.367348,0.289,0.005,0,neutral,False,0
2026-04-02 22:48:28.712435,0.29,0.004,0,neutral,False,0
2026-04-02 22:48:28.968352,0.295,0.003,0,neutral,False,0
2026-04-02 22:48:29.166400,0.299,0.005,40,neutral,False,0
2026-04-02 22:48:29.658015,0.236,0.003,0,neutral,False,0
2026-04-02 22:48:30.435817,0.287,0.003,40,neutral,False,0
2026-04-02 22:48:30.764327,0.296,0.002,40,neutral,False,0
2026-04-02 22:48:31.319133,0.292,0.001,0,neutral,False,0
2026-04-02 22:48:31.715349,0.274,0.002,0,neutral,False,0
2026-04-02 22:48:32.124704,0.282,0.002,40,neutral,False,0
2026-04-02 22:48:32.723158,0.257,0.004,40,neutral,False,0
2026-04-02 22:48:33.352366,0.249,0.006,40,neutral,False,0
2026-04-02 22:48:33.666544,0.27,0.003,40,neutral,False,0
2026-04-02 22:48:34.074375,0.248,0.006,40,neutral,False,0
2026-04-02 22:48:34.543511,0.242,0.005,0,neutral,False,0
2026-04-02 22:48:35.085507,0.27,0.002,0,neutral,False,0
2026-04-02 22:48:35.682712,0.26,0.003,40,neutral,False,0
2026-04-02 22:48:36.610897,0.265,0.004,40,neutral,False,0
2026-04-02 22:48:36.912921,0.268,0.006,40,neutral,False,0
2026-04-02 22:48:37.175060,0.271,0.001,40,neutral,False,0
2026-04-02 22:48:37.538474,0.286,0.003,40,neutral,False,0
2026-04-02 22:48:37.798387,0.275,0.002,40,neutral,False,0
2026-04-02 22:48:38.478065,0.269,0.001,40,neutral,False,0
